Region,Country,Item Type,Sales Channel,Order Priority,Order Date,Order ID,Ship Date,Units Sold
Australia and Oceania,Tuvalu,Baby Food,Offline,H,5/28/2010,669165933,6/27/2010,9925
Central America and the Caribbean,Grenada,Cereal,Online,C,8/22/2012,963881480,9/15/2012,2804
Europe,Russia,Office Supplies,Offline,L,5/2/2014,341417157,5/8/2014,1779
Sub-Saharan Africa,Sao Tome and Principe,Fruits,Online,C,6/20/2014,514321792,7/5/2014,8102
Sub-Saharan Africa,Rwanda,Office Supplies,Offline,L,2/1/2013,115456712,2/6/2013,5062
Australia and Oceania,Solomon Islands,Baby Food,Online,C,2/4/2015,547995746,2/21/2015,2974
Sub-Saharan Africa,Angola,Household,Offline,M,4/23/2011,135425221,4/27/2011,4187
Sub-Saharan Africa,Burkina Faso,Vegetables,Online,H,7/17/2012,871543967,7/27/2012,8082
Sub-Saharan Africa,Republic of the Congo,Personal Care,Offline,M,7/14/2015,770463311,8/25/2015,6070
Sub-Saharan Africa,Senegal,Cereal,Online,H,4/18/2014,616607081,5/30/2014,6593
Asia,Kyrgyzstan,Vegetables,Online,H,3/7/2011,427811324,4/16/2011,7733
Sub-Saharan Africa,Cape Verde,Clothes,Offline,H,8/2/2014,939825713,8/19/2014,4168
Asia,Bangladesh,Clothes,Online,L,1/13/2017,187310731,3/1/2017,8263
Central America and the Caribbean,Honduras,Household,Offline,H,2/8/2017,522840487,2/13/2017,8974
Asia,Mongolia,Personal Care,Offline,C,2/19/2014,832401311,2/23/2014,4901
Europe,Bulgaria,Clothes,Online,M,4/23/2012,972292029,6/3/2012,1673
Asia,Sri Lanka,Cosmetics,Offline,M,11/19/2016,419123971,12/18/2016,6952
Sub-Saharan Africa,Cameroon,Beverages,Offline,C,4/1/2015,519820964,4/18/2015,5430
Asia,Turkmenistan,Household,Offline,L,12/30/2010,441619336,1/20/2011,3830
Australia and Oceania,East Timor,Meat,Online,L,7/31/2012,322067916,9/11/2012,5908
Europe,Norway,Baby Food,Online,L,5/14/2014,819028031,6/28/2014,7450
Europe,Portugal,Baby Food,Online,H,7/31/2015,860673511,9/3/2015,1273
Central America and the Caribbean,Honduras,Snacks,Online,L,6/30/2016,795490682,7/26/2016,2225
Australia and Oceania,New Zealand,Fruits,Online,H,9/8/2014,142278373,10/4/2014,2187
Europe,Moldova ,Personal Care,Online,L,5/7/2016,740147912,5/10/2016,5070
Europe,France,Cosmetics,Online,H,5/22/2017,898523128,6/5/2017,1815
Australia and Oceania,Kiribati,Fruits,Online,M,10/13/2014,347140347,11/10/2014,5398
Sub-Saharan Africa,Mali,Fruits,Online,L,5/7/2010,686048400,5/10/2010,5822
Europe,Norway,Beverages,Offline,C,7/18/2014,435608613,7/30/2014,5124
Sub-Saharan Africa,The Gambia,Household,Offline,L,5/26/2012,886494815,6/9/2012,2370
Europe,Switzerland,Cosmetics,Offline,M,9/17/2012,249693334,10/20/2012,8661
Sub-Saharan Africa,South Sudan,Personal Care,Offline,C,12/29/2013,406502997,1/28/2014,2125
Australia and Oceania,Australia,Office Supplies,Online,C,10/27/2015,158535134,11/25/2015,2924
Asia,Myanmar,Household,Offline,H,1/16/2015,177713572,3/1/2015,8250
Sub-Saharan Africa,Djibouti,Snacks,Online,M,2/25/2017,756274640,2/25/2017,7327
Central America and the Caribbean,Costa Rica,Personal Care,Offline,L,5/8/2017,456767165,5/21/2017,6409
Middle East and North Africa,Syria,Fruits,Online,L,11/22/2011,162052476,12/3/2011,3784
Sub-Saharan Africa,The Gambia,Meat,Online,M,1/14/2017,825304400,1/23/2017,4767
Asia,Brunei,Office Supplies,Online,L,4/1/2012,320009267,5/8/2012,6708
Europe,Bulgaria,Office Supplies,Online,M,2/16/2012,189965903,2/28/2012,3987
Sub-Saharan Africa,Niger,Personal Care,Online,H,3/11/2017,699285638,3/28/2017,3015
Middle East and North Africa,Azerbaijan,Cosmetics,Online,M,2/6/2010,382392299,2/25/2010,7234
Sub-Saharan Africa,The Gambia,Cereal,Offline,H,6/7/2012,994022214,6/8/2012,2117
Europe,Slovakia,Vegetables,Online,H,10/6/2012,759224212,11/10/2012,171
Asia,Myanmar,Clothes,Online,H,11/14/2015,223359620,11/18/2015,5930
Sub-Saharan Africa,Comoros,Cereal,Offline,H,3/29/2016,902102267,4/29/2016,962
Europe,Iceland,Cosmetics,Online,C,12/31/2016,331438481,12/31/2016,8867
Europe,Switzerland,Personal Care,Online,M,12/23/2010,617667090,1/31/2011,273
Europe,Macedonia,Clothes,Offline,C,10/14/2014,787399423,11/14/2014,7842
Sub-Saharan Africa,Mauritania,Office Supplies,Offline,C,1/11/2012,837559306,1/13/2012,1266
Europe,Albania,Clothes,Online,C,2/2/2010,385383069,3/18/2010,2269
Sub-Saharan Africa,Lesotho,Fruits,Online,L,8/18/2013,918419539,9/18/2013,9606
Middle East and North Africa,Saudi Arabia,Cereal,Online,M,3/25/2013,844530045,3/28/2013,4063
Sub-Saharan Africa,Sierra Leone,Office Supplies,Offline,M,11/26/2011,441888415,1/7/2012,3457
Sub-Saharan Africa,Sao Tome and Principe,Fruits,Offline,H,9/17/2013,508980977,10/24/2013,7637
Sub-Saharan Africa,Cote d'Ivoire,Clothes,Online,C,6/8/2012,114606559,6/27/2012,3482
Australia and Oceania,Fiji,Clothes,Offline,C,6/30/2010,647876489,8/1/2010,9905
Europe,Austria,Cosmetics,Offline,H,2/23/2015,868214595,3/2/2015,2847
Europe,United Kingdom,Household,Online,L,1/5/2012,955357205,2/14/2012,282
Sub-Saharan Africa,Djibouti,Cosmetics,Offline,H,4/7/2014,259353148,4/19/2014,7215
Australia and Oceania,Australia,Cereal,Offline,H,6/9/2013,450563752,7/2/2013,682
Europe,San Marino,Baby Food,Online,L,6/26/2013,569662845,7/1/2013,4750
Sub-Saharan Africa,Cameroon,Office Supplies,Online,M,11/7/2011,177636754,11/15/2011,5518
Middle East and North Africa,Libya,Clothes,Offline,H,10/30/2010,705784308,11/17/2010,6116
Central America and the Caribbean,Haiti,Cosmetics,Offline,H,10/13/2013,505716836,11/16/2013,1705
Sub-Saharan Africa,Rwanda,Cosmetics,Offline,H,10/11/2013,699358165,11/25/2013,4477
Sub-Saharan Africa,Gabon,Personal Care,Offline,L,7/8/2012,228944623,7/9/2012,8656
Central America and the Caribbean,Belize,Clothes,Offline,M,7/25/2016,807025039,9/7/2016,5498
Europe,Lithuania,Office Supplies,Offline,H,10/24/2010,166460740,11/17/2010,8287
Sub-Saharan Africa,Madagascar,Clothes,Offline,L,4/25/2015,610425555,5/28/2015,7342
Asia,Turkmenistan,Office Supplies,Online,M,4/23/2013,462405812,5/20/2013,5010
Middle East and North Africa,Libya,Fruits,Online,L,8/14/2015,816200339,9/30/2015,673
Sub-Saharan Africa,Democratic Republic of the Congo,Beverages,Online,C,5/26/2011,585920464,7/15/2011,5741
Sub-Saharan Africa,Djibouti,Cereal,Online,H,5/20/2017,555990016,6/17/2017,8656
Middle East and North Africa,Pakistan,Cosmetics,Offline,L,7/5/2013,231145322,8/16/2013,9892
North America,Mexico,Household,Offline,C,11/6/2014,986435210,12/12/2014,6954
Australia and Oceania,Federated States of Micronesia,Beverages,Online,C,10/28/2014,217221009,11/15/2014,9379
Asia,Laos,Vegetables,Offline,C,9/15/2011,789176547,10/23/2011,3732
Europe,Monaco,Baby Food,Offline,H,5/29/2012,688288152,6/2/2012,8614
Australia and Oceania,Samoa ,Cosmetics,Online,H,7/20/2013,670854651,8/7/2013,9654
Europe,Spain,Household,Offline,L,10/21/2012,213487374,11/30/2012,4513
Middle East and North Africa,Lebanon,Clothes,Online,L,9/18/2012,663110148,10/8/2012,7884
Middle East and North Africa,Iran,Cosmetics,Online,H,11/15/2016,286959302,12/8/2016,6489
Sub-Saharan Africa,Zambia,Snacks,Online,L,1/4/2011,122583663,1/5/2011,4085
Sub-Saharan Africa,Kenya,Vegetables,Online,L,3/18/2012,827844560,4/7/2012,6457
North America,Mexico,Personal Care,Offline,L,2/17/2012,430915820,3/20/2012,6422
Sub-Saharan Africa,Sao Tome and Principe,Beverages,Offline,C,1/16/2011,180283772,1/21/2011,8829
Sub-Saharan Africa,The Gambia,Baby Food,Offline,M,2/3/2014,494747245,3/20/2014,5559
Middle East and North Africa,Kuwait,Fruits,Online,M,4/30/2012,513417565,5/18/2012,522
Europe,Slovenia,Beverages,Offline,C,10/23/2016,345718562,11/25/2016,4660
Sub-Saharan Africa,Sierra Leone,Office Supplies,Offline,H,12/6/2016,621386563,12/14/2016,948
Australia and Oceania,Australia,Beverages,Offline,H,7/7/2014,240470397,7/11/2014,9389
Middle East and North Africa,Azerbaijan,Office Supplies,Online,M,6/13/2012,423331391,7/24/2012,2021
Europe,Romania,Cosmetics,Online,H,5/8/2017,228097045,6/17/2017,7839
Central America and the Caribbean,Nicaragua,Beverages,Offline,C,2/8/2011,963392674,3/21/2011,8156
Sub-Saharan Africa,Mali,Clothes,Online,M,7/26/2011,512878119,9/3/2011,888
Asia,Malaysia,Fruits,Offline,L,11/11/2011,810711038,12/28/2011,6267
Sub-Saharan Africa,Sierra Leone,Vegetables,Offline,C,6/1/2016,728815257,6/29/2016,1485
North America,Mexico,Personal Care,Offline,M,7/30/2015,559427106,8/8/2015,5767
Sub-Saharan Africa,Mozambique,Household,Offline,L,2/10/2012,665095412,2/15/2012,5367
Middle East and North Africa,Libya,Cosmetics,Offline,M,10/18/2014,686800706,10/31/2014,8446
North America,Canada,Vegetables,Online,M,11/7/2011,185941302,12/8/2011,3018
Middle East and North Africa,Libya,Baby Food,Offline,C,10/31/2016,246222341,12/9/2016,1517
Asia,Japan,Cereal,Offline,C,4/10/2010,161442649,5/12/2010,3322
Sub-Saharan Africa,Chad,Fruits,Offline,H,8/16/2011,645713555,8/31/2011,9845
Europe,Armenia,Cereal,Online,H,11/24/2014,683458888,12/28/2014,9528
Sub-Saharan Africa,Eritrea,Cereal,Online,H,3/4/2015,679414975,4/17/2015,2844
Europe,Montenegro,Clothes,Offline,M,7/14/2016,734526431,8/2/2016,1549
Central America and the Caribbean,Jamaica,Vegetables,Online,H,1/29/2015,266467225,3/7/2015,2428
Australia and Oceania,Fiji,Vegetables,Offline,H,12/24/2013,118598544,1/19/2014,4800
Sub-Saharan Africa,Togo,Clothes,Online,M,12/29/2015,451010930,1/19/2016,3012
Europe,Montenegro,Snacks,Offline,M,2/27/2010,220003211,3/18/2010,2694
Europe,Greece,Household,Online,C,11/17/2016,702186715,12/22/2016,1508
Sub-Saharan Africa,Sudan,Cosmetics,Online,C,12/20/2015,544485270,1/5/2016,4146
Asia,Maldives,Fruits,Offline,L,1/8/2011,714135205,2/6/2011,7332
Europe,Montenegro,Clothes,Offline,H,6/28/2010,448685348,7/22/2010,4820
Europe,Estonia,Office Supplies,Online,H,4/25/2016,405997025,5/12/2016,2397
North America,Greenland,Beverages,Online,M,7/27/2012,414244067,8/7/2012,2880
Sub-Saharan Africa,Cape Verde,Clothes,Online,C,9/8/2014,821912801,10/3/2014,1117
Sub-Saharan Africa,Senegal,Household,Offline,L,8/27/2012,247802054,9/8/2012,8989
Australia and Oceania,Federated States of Micronesia,Snacks,Online,C,9/3/2012,531023156,10/15/2012,407
Europe,Bulgaria,Clothes,Online,L,3/5/2013,403836238,4/3/2013,2972
Middle East and North Africa,Algeria,Personal Care,Online,H,2/20/2011,127468717,3/9/2011,9681
Asia,Mongolia,Clothes,Online,L,12/12/2015,770478332,1/24/2016,515
Central America and the Caribbean,Grenada,Cereal,Online,H,10/28/2012,430390107,11/13/2012,852
Central America and the Caribbean,Grenada,Beverages,Online,M,1/30/2017,397877871,3/20/2017,9759
Sub-Saharan Africa,Senegal,Beverages,Offline,M,10/22/2014,683927953,11/4/2014,8334
North America,Greenland,Fruits,Offline,M,1/31/2012,469839179,2/22/2012,4709
Sub-Saharan Africa,Chad,Meat,Offline,H,1/20/2016,357222878,3/9/2016,9043
Sub-Saharan Africa,Mauritius ,Personal Care,Online,C,1/1/2016,118002879,1/7/2016,8529
Middle East and North Africa,Morocco,Beverages,Offline,C,8/28/2012,632093942,9/5/2012,9499
Central America and the Caribbean,Honduras,Office Supplies,Online,H,6/30/2015,499009597,7/9/2015,6884
Sub-Saharan Africa,Benin,Fruits,Online,L,1/28/2014,564646470,3/16/2014,293
Europe,Greece,Baby Food,Offline,M,4/8/2014,294499957,4/8/2014,7937
Central America and the Caribbean,Jamaica,Beverages,Offline,L,9/4/2010,262056386,10/24/2010,7163
Sub-Saharan Africa,Equatorial Guinea,Office Supplies,Online,M,5/2/2010,211114585,5/14/2010,2352
Sub-Saharan Africa,Swaziland,Office Supplies,Offline,H,10/3/2013,405785882,10/22/2013,9915
Central America and the Caribbean,Trinidad and Tobago,Vegetables,Offline,M,3/6/2011,280494105,4/14/2011,3294
Europe,Sweden,Baby Food,Online,L,8/7/2016,689975583,8/12/2016,7963
Europe,Belarus,Office Supplies,Online,L,1/11/2011,759279143,2/18/2011,6426
Sub-Saharan Africa,Guinea-Bissau,Office Supplies,Offline,C,5/21/2014,133766114,6/12/2014,3221
Asia,Mongolia,Beverages,Online,M,8/3/2013,329110324,9/2/2013,9913
Middle East and North Africa,Turkey,Meat,Online,L,10/5/2011,681298100,11/20/2011,103
Sub-Saharan Africa,Central African Republic,Snacks,Offline,L,11/15/2016,596628272,12/30/2016,4419
Sub-Saharan Africa,Equatorial Guinea,Office Supplies,Offline,L,4/3/2015,901712167,4/17/2015,5523
Asia,Laos,Beverages,Online,M,3/22/2013,693473613,4/21/2013,3107
Europe,Armenia,Meat,Online,C,8/2/2010,489148938,9/1/2010,8896
Europe,Greece,Household,Online,L,1/5/2012,876286971,2/15/2012,1643
Middle East and North Africa,Israel,Personal Care,Offline,H,8/26/2015,262749040,8/30/2015,2135
Asia,Bhutan,Meat,Online,H,12/9/2016,726708972,1/26/2017,8189
Australia and Oceania,Vanuatu,Vegetables,Online,L,5/17/2012,366653096,5/31/2012,9654
Sub-Saharan Africa,Burundi,Vegetables,Online,M,11/17/2010,951380240,12/20/2010,3410
Europe,Ukraine,Cosmetics,Online,M,11/13/2014,270001733,1/1/2015,8368
Europe,Croatia,Beverages,Online,C,6/16/2016,681941401,7/28/2016,470
Sub-Saharan Africa,Madagascar,Fruits,Online,L,5/31/2016,566935575,6/7/2016,7690
Asia,Malaysia,Snacks,Offline,M,10/6/2012,175033080,11/5/2012,5033
Asia,Uzbekistan,Office Supplies,Offline,L,3/10/2012,276595246,3/15/2012,9535
Europe,Italy,Office Supplies,Online,M,1/26/2011,812295901,2/13/2011,5263
Asia,Nepal,Vegetables,Offline,C,6/2/2014,443121373,6/19/2014,8316
Australia and Oceania,Fiji,Personal Care,Offline,H,12/17/2016,600370490,1/25/2017,1824
Europe,Portugal,Office Supplies,Online,L,8/19/2015,956433522,9/12/2015,8788
Central America and the Caribbean,Panama,Cosmetics,Offline,H,3/17/2015,470897471,4/22/2015,7881
Europe,Belarus,Beverages,Offline,L,4/3/2013,248335492,4/4/2013,6846
Sub-Saharan Africa,Botswana,Clothes,Offline,C,3/8/2015,680517470,3/25/2015,9097
Sub-Saharan Africa,Tanzania,Personal Care,Online,M,6/21/2013,400304734,7/29/2013,7921
Europe,Romania,Office Supplies,Offline,C,1/6/2013,810871112,1/8/2013,3636
Sub-Saharan Africa,Mali,Cereal,Online,L,3/17/2012,235702931,4/3/2012,8590
Sub-Saharan Africa,Central African Republic,Office Supplies,Offline,C,4/18/2014,668599021,5/12/2014,2163
Sub-Saharan Africa,Niger,Baby Food,Online,M,1/3/2016,123670709,2/1/2016,5766
Europe,Austria,Office Supplies,Online,L,3/23/2017,141977107,4/18/2017,3036
Asia,India,Fruits,Online,H,7/29/2010,658348691,8/22/2010,8862
Europe,Luxembourg,Baby Food,Offline,L,8/2/2013,817740142,8/19/2013,6335
Sub-Saharan Africa,Cape Verde,Beverages,Offline,H,10/23/2013,858877503,11/6/2013,9794
Europe,Sweden,Vegetables,Offline,M,2/5/2017,947434604,2/19/2017,5808
Europe,Iceland,Meat,Offline,H,3/20/2015,869397771,4/17/2015,2975
Middle East and North Africa,Qatar,Personal Care,Offline,L,5/6/2012,481065833,5/8/2012,6925
Sub-Saharan Africa,South Sudan,Meat,Online,C,9/30/2013,159050118,10/1/2013,5319
Europe,United Kingdom,Office Supplies,Online,M,5/20/2014,350274455,6/14/2014,2850
Middle East and North Africa,Tunisia ,Cereal,Online,L,4/9/2010,221975171,5/17/2010,6241
North America,United States of America,Office Supplies,Online,C,6/9/2017,811701095,7/19/2017,9247
Sub-Saharan Africa,Liberia,Cereal,Online,L,2/8/2015,977313554,3/29/2015,7653
Sub-Saharan Africa,Eritrea,Snacks,Offline,L,1/25/2010,546986377,2/10/2010,4279
Asia,South Korea,Fruits,Offline,L,3/7/2010,769205892,3/17/2010,3972
Sub-Saharan Africa,Kenya,Clothes,Offline,M,1/3/2013,262770926,2/8/2013,8611
Sub-Saharan Africa,Rwanda,Snacks,Online,M,3/6/2017,866792809,3/18/2017,2109
Central America and the Caribbean,Cuba,Beverages,Offline,C,1/9/2011,890695369,2/23/2011,5408
Middle East and North Africa,Libya,Cereal,Offline,M,3/27/2014,964214932,3/31/2014,1480
Europe,Czech Republic,Snacks,Online,C,6/28/2013,887400329,8/17/2013,332
Europe,Montenegro,Beverages,Offline,M,9/4/2011,980612885,9/4/2011,3999
Asia,Philippines,Baby Food,Online,L,2/23/2014,160127294,3/23/2014,4079
Central America and the Caribbean,El Salvador,Clothes,Offline,L,8/7/2010,238714301,9/13/2010,9721
Australia and Oceania,Tonga,Household,Online,M,1/14/2013,671898782,2/6/2013,8635
Sub-Saharan Africa,Democratic Republic of the Congo,Personal Care,Offline,H,9/30/2010,331604564,11/17/2010,8014
Middle East and North Africa,Afghanistan,Cereal,Online,M,10/13/2016,410067975,11/20/2016,7081
Australia and Oceania,Tuvalu,Snacks,Offline,L,3/16/2011,369837844,3/23/2011,2091
Sub-Saharan Africa,Sudan,Fruits,Online,L,12/26/2012,193775498,1/31/2013,1331
Sub-Saharan Africa,Niger,Clothes,Online,M,9/2/2015,835054767,10/9/2015,117
Sub-Saharan Africa,Gabon,Household,Offline,C,11/11/2013,167161977,12/24/2013,5798
Australia and Oceania,East Timor,Vegetables,Offline,C,8/4/2014,633895957,8/22/2014,2755
North America,United States of America,Clothes,Offline,C,10/21/2010,699368035,12/7/2010,7398
Middle East and North Africa,Jordan,Vegetables,Offline,L,6/13/2015,698002040,7/29/2015,3170
Europe,Cyprus,Snacks,Offline,H,3/29/2012,584534299,5/18/2012,5544
Sub-Saharan Africa,Malawi,Vegetables,Online,L,6/22/2012,384013640,7/19/2012,7025
Europe,Iceland,Personal Care,Online,M,5/10/2013,641801393,5/24/2013,2149
Middle East and North Africa,Israel,Personal Care,Online,M,12/10/2016,173571383,1/11/2017,2484
Middle East and North Africa,United Arab Emirates,Snacks,Offline,H,3/20/2011,115309941,4/6/2011,1629
Asia,China,Cosmetics,Offline,L,9/22/2011,773315894,11/4/2011,213
Sub-Saharan Africa,Kenya,Beverages,Online,M,5/11/2012,274200570,6/26/2012,897
Middle East and North Africa,Somalia,Clothes,Offline,M,11/15/2011,414887797,11/17/2011,3374
Australia and Oceania,Tonga,Beverages,Offline,L,1/27/2010,812613904,1/29/2010,9367
Asia,Bangladesh,Baby Food,Online,H,8/17/2011,254927718,9/7/2011,7632
Middle East and North Africa,Egypt,Beverages,Offline,M,9/6/2014,749690568,10/26/2014,8954
Sub-Saharan Africa,Eritrea,Cereal,Offline,C,9/3/2014,775076282,9/19/2014,1150
Sub-Saharan Africa,Swaziland,Office Supplies,Online,H,9/5/2015,229571187,9/18/2015,4071
Asia,Vietnam,Baby Food,Online,C,6/20/2011,881974112,7/11/2011,4594
Australia and Oceania,Marshall Islands,Snacks,Online,L,1/12/2012,521396386,2/14/2012,1632
Asia,Taiwan,Household,Online,C,1/23/2017,607261836,2/22/2017,1127
Europe,Ireland,Vegetables,Online,M,3/4/2012,419306790,3/12/2012,1052
Sub-Saharan Africa,Rwanda,Meat,Offline,H,7/18/2010,207580077,7/18/2010,6413
Europe,Sweden,Snacks,Online,M,4/12/2011,742443025,4/15/2011,4245
Sub-Saharan Africa,Gabon,Snacks,Offline,M,10/3/2010,164569461,10/5/2010,8615
Sub-Saharan Africa,South Africa,Baby Food,Online,L,12/29/2013,734945714,2/12/2014,5624
Europe,United Kingdom,Clothes,Offline,C,9/19/2015,284870612,10/7/2015,8399
Europe,Albania,Fruits,Offline,M,9/17/2011,765955483,10/7/2011,2104
Asia,Malaysia,Snacks,Offline,H,3/11/2010,600124156,4/21/2010,8929
Sub-Saharan Africa,Ghana,Household,Offline,L,11/10/2012,529612958,12/11/2012,3098
Central America and the Caribbean,Cuba,Clothes,Offline,H,2/16/2011,466970717,3/18/2011,5867
Central America and the Caribbean,Saint Lucia,Cosmetics,Online,C,8/13/2012,845058763,9/22/2012,522
Europe,Romania,Snacks,Offline,L,8/28/2014,367050921,8/31/2014,7379
Europe,Macedonia,Beverages,Online,C,3/20/2011,107005393,5/4/2011,4129
Asia,China,Beverages,Offline,C,4/16/2013,332877862,5/7/2013,4811
Europe,Germany,Baby Food,Online,L,11/13/2015,618474757,12/31/2015,9279
Europe,Ireland,Household,Online,M,1/10/2014,468532407,2/11/2014,8006
Europe,Poland,Office Supplies,Offline,M,4/9/2015,358099639,4/29/2015,8496
Sub-Saharan Africa,Namibia,Household,Online,H,1/7/2013,382537782,1/27/2013,285
Asia,Uzbekistan,Personal Care,Offline,H,2/12/2013,707520663,3/15/2013,9942
Sub-Saharan Africa,Zimbabwe,Meat,Online,M,11/28/2014,219034612,12/10/2014,6064
Asia,Mongolia,Meat,Offline,M,1/3/2015,573378455,1/17/2015,4281
Europe,Norway,Personal Care,Online,H,2/3/2011,347163522,3/22/2011,2256
Middle East and North Africa,Oman,Snacks,Offline,M,4/9/2013,887313640,4/21/2013,4679
Europe,Serbia,Cosmetics,Online,H,7/26/2017,461065137,8/19/2017,8275
Sub-Saharan Africa,Democratic Republic of the Congo,Fruits,Offline,H,4/15/2017,105966842,5/19/2017,6798
Europe,Bulgaria,Baby Food,Online,M,5/16/2014,479880082,5/23/2014,6035
Asia,Brunei,Baby Food,Online,H,8/12/2015,510978686,9/30/2015,8803
Europe,Serbia,Snacks,Offline,C,9/20/2013,547748982,10/14/2013,9951
Sub-Saharan Africa,Ghana,Cereal,Offline,M,10/31/2013,108989799,12/9/2013,1358
Sub-Saharan Africa,Malawi,Cereal,Offline,M,7/30/2014,133812463,8/9/2014,6936
Sub-Saharan Africa,Zimbabwe,Fruits,Offline,L,11/12/2011,731640803,12/30/2011,7627
Europe,Cyprus,Snacks,Offline,C,3/25/2010,732211148,4/14/2010,6405
Central America and the Caribbean,Nicaragua,Cereal,Online,M,7/4/2011,835572326,8/8/2011,3274
Europe,Estonia,Baby Food,Offline,C,1/1/2011,462085664,1/15/2011,271
Europe,Estonia,Clothes,Online,C,6/16/2016,902424991,7/4/2016,6463
Europe,Lithuania,Fruits,Offline,H,10/25/2011,594003999,11/16/2011,7838
Sub-Saharan Africa,Republic of the Congo,Meat,Offline,H,3/1/2017,738839423,3/31/2017,7859
Europe,Czech Republic,Baby Food,Online,C,7/2/2010,817824685,7/27/2010,1353
Sub-Saharan Africa,Cameroon,Snacks,Online,C,7/16/2013,376456248,8/1/2013,624
Asia,Vietnam,Office Supplies,Online,H,8/16/2016,606970441,9/16/2016,4897
Europe,Moldova ,Meat,Offline,L,12/16/2014,971916091,1/19/2015,424
Middle East and North Africa,Bahrain,Office Supplies,Offline,L,5/14/2012,554154527,5/15/2012,5494
Europe,Hungary,Household,Online,L,7/18/2017,306859576,7/19/2017,5423
Australia and Oceania,Marshall Islands,Personal Care,Offline,L,7/9/2017,803517568,7/21/2017,7559
Middle East and North Africa,Iraq,Office Supplies,Online,C,9/30/2011,887927329,10/2/2011,6283
Europe,Albania,Vegetables,Online,H,11/24/2015,824200189,11/26/2015,8006
Sub-Saharan Africa,Lesotho,Office Supplies,Online,H,8/14/2012,946759974,9/14/2012,6170
Middle East and North Africa,Lebanon,Clothes,Offline,H,9/18/2014,749258840,11/5/2014,1196
Europe,Hungary,Vegetables,Online,C,5/25/2014,739998137,7/9/2014,748
Asia,Japan,Beverages,Online,H,10/18/2012,981086671,11/21/2012,4203
Europe,Georgia,Office Supplies,Offline,L,3/13/2013,749282443,3/25/2013,8180
Europe,Estonia,Office Supplies,Online,C,2/23/2011,280571782,3/11/2011,6280
Europe,Luxembourg,Household,Online,C,8/15/2014,781253516,9/1/2014,9131
Sub-Saharan Africa,Swaziland,Personal Care,Online,H,7/6/2017,377938973,7/11/2017,9396
Europe,Romania,Clothes,Offline,C,12/31/2010,867551982,1/3/2011,6765
Sub-Saharan Africa,Ethiopia,Personal Care,Offline,C,1/13/2010,967328870,1/15/2010,2964
Sub-Saharan Africa,Chad,Office Supplies,Offline,C,9/17/2011,364818465,10/16/2011,6746
Middle East and North Africa,Morocco,Office Supplies,Online,C,3/8/2014,167882096,3/31/2014,8898
North America,Mexico,Clothes,Online,H,11/18/2012,654693591,12/1/2012,7237
Sub-Saharan Africa,Nigeria,Personal Care,Offline,H,11/18/2011,823739278,12/29/2011,1612
Central America and the Caribbean,Trinidad and Tobago,Beverages,Offline,L,7/12/2012,643817985,8/19/2012,8904
Europe,Moldova ,Personal Care,Offline,H,3/30/2017,604041039,5/15/2017,8022
Australia and Oceania,Solomon Islands,Personal Care,Online,H,7/26/2010,363832271,9/12/2010,4909
Asia,India,Personal Care,Online,L,12/24/2015,102928006,1/31/2016,7539
Sub-Saharan Africa,Burkina Faso,Office Supplies,Offline,M,5/15/2016,971377074,5/15/2016,917
Australia and Oceania,Kiribati,Meat,Online,L,11/3/2010,139540803,12/4/2010,2079
Middle East and North Africa,Israel,Meat,Offline,M,12/1/2010,248093020,12/16/2010,5093
Sub-Saharan Africa,Comoros,Snacks,Offline,L,1/16/2014,858020055,1/17/2014,6056
Middle East and North Africa,Iran,Baby Food,Offline,H,12/11/2014,700620734,1/5/2015,8099
Asia,Vietnam,Cosmetics,Offline,L,12/24/2016,827506387,1/30/2017,6384
Central America and the Caribbean,Belize,Household,Online,M,3/21/2013,560600841,4/14/2013,3101
Europe,Belarus,Personal Care,Offline,H,12/8/2012,642140424,1/16/2013,2476
North America,United States of America,Baby Food,Offline,C,2/13/2015,984673964,3/5/2015,5763
Europe,Poland,Beverages,Online,L,3/28/2012,221062791,4/18/2012,6247
North America,Canada,Vegetables,Offline,L,10/7/2016,654480731,11/8/2016,4247
Middle East and North Africa,Israel,Beverages,Offline,C,12/15/2011,608414113,12/23/2011,2111
Middle East and North Africa,Lebanon,Household,Online,L,3/8/2016,276661765,4/20/2016,9219
Europe,Andorra,Baby Food,Online,L,1/18/2011,373335015,2/28/2011,6982
Europe,Slovakia,Clothes,Online,L,4/11/2013,782857692,5/28/2013,3843
Sub-Saharan Africa,Liberia,Fruits,Online,H,5/18/2010,109966123,6/5/2010,274
Central America and the Caribbean,Antigua and Barbuda ,Cereal,Offline,M,6/5/2017,629709136,6/6/2017,3782
Asia,China,Personal Care,Online,L,9/11/2012,637448060,9/15/2012,3901
Sub-Saharan Africa,Niger,Baby Food,Online,H,3/8/2017,298856723,4/3/2017,7200
Europe,United Kingdom,Household,Offline,L,1/28/2015,299921452,2/23/2015,2278
Asia,Bangladesh,Personal Care,Offline,M,7/26/2010,496941077,7/29/2010,4763
Asia,Myanmar,Snacks,Online,L,6/24/2016,366526925,7/14/2016,2317
Australia and Oceania,Tonga,Meat,Offline,M,8/18/2012,355602824,9/15/2012,9633
Sub-Saharan Africa,Guinea-Bissau,Vegetables,Online,C,3/11/2010,531405103,4/19/2010,3434
Australia and Oceania,Nauru,Vegetables,Offline,M,1/14/2010,131482589,1/20/2010,7475
Sub-Saharan Africa,Swaziland,Cereal,Online,L,2/10/2014,713696610,3/28/2014,7542
Europe,Finland,Vegetables,Online,C,1/21/2014,306220996,1/30/2014,6452
Australia and Oceania,Papua New Guinea,Household,Offline,L,2/28/2010,157542073,3/15/2010,9055
Sub-Saharan Africa,Mauritius ,Personal Care,Online,L,2/18/2015,686458671,3/8/2015,7230
Sub-Saharan Africa,Mozambique,Office Supplies,Online,M,6/14/2012,132082116,7/22/2012,4888
Europe,Spain,Household,Online,C,4/10/2014,331457364,4/23/2014,4455
Australia and Oceania,Vanuatu,Meat,Online,H,7/26/2017,614994323,9/12/2017,9341
Europe,Belgium,Fruits,Offline,L,10/19/2010,674808442,10/24/2010,9669
Europe,Belgium,Baby Food,Offline,L,11/8/2016,901573550,12/23/2016,4503
Sub-Saharan Africa,Guinea-Bissau,Clothes,Online,L,6/18/2015,867360150,7/1/2015,9998
Sub-Saharan Africa,Togo,Vegetables,Online,C,8/18/2016,170214545,8/19/2016,9121
Sub-Saharan Africa,Cote d'Ivoire,Personal Care,Offline,C,1/3/2016,795000588,1/8/2016,7196
Sub-Saharan Africa,Republic of the Congo,Fruits,Offline,C,10/21/2016,252557933,11/4/2016,6360
Middle East and North Africa,Libya,Baby Food,Offline,M,12/10/2016,635122907,12/13/2016,5837
Australia and Oceania,East Timor,Vegetables,Online,C,8/12/2011,505244338,9/19/2011,1882
Europe,Switzerland,Clothes,Offline,H,6/9/2017,763920438,7/10/2017,9888
Australia and Oceania,Palau,Snacks,Offline,M,4/27/2012,509914386,6/11/2012,3853
Middle East and North Africa,Jordan,Household,Online,M,1/29/2014,371123158,2/9/2014,2445
Europe,Slovenia,Household,Online,H,12/13/2016,973208701,12/28/2016,2936
Asia,South Korea,Baby Food,Online,L,11/21/2013,780282342,12/27/2013,1739
Europe,Norway,Clothes,Online,H,4/7/2010,126767909,5/22/2010,2296
Middle East and North Africa,Afghanistan,Baby Food,Online,M,7/8/2012,767401731,7/30/2012,80
Asia,Bangladesh,Personal Care,Online,L,10/15/2016,927232635,11/24/2016,7597
Sub-Saharan Africa,Guinea,Meat,Offline,M,6/7/2011,500160586,6/7/2011,7487
Central America and the Caribbean,Cuba,Office Supplies,Offline,H,7/2/2017,256243503,7/23/2017,7002
Europe,Russia,Cosmetics,Offline,C,7/21/2011,277083623,9/2/2011,4056
Sub-Saharan Africa,Seychelles ,Vegetables,Offline,L,6/1/2010,620441138,6/22/2010,1175
Asia,South Korea,Office Supplies,Offline,M,7/26/2015,312927377,9/7/2015,1020
Sub-Saharan Africa,Ghana,Baby Food,Offline,L,8/6/2010,251466166,9/8/2010,3282
Central America and the Caribbean,Costa Rica,Office Supplies,Online,H,6/20/2010,953293836,7/22/2010,9685
Europe,Romania,Cereal,Online,C,4/8/2012,305959212,4/23/2012,8985
Europe,Czech Republic,Cereal,Online,L,2/27/2014,317323625,3/24/2014,1967
Europe,Liechtenstein,Household,Offline,L,7/25/2011,365560901,9/1/2011,6449
Sub-Saharan Africa,Seychelles ,Baby Food,Online,M,2/18/2016,349157369,4/5/2016,2279
Middle East and North Africa,Somalia,Baby Food,Online,L,1/24/2014,236911857,2/25/2014,6338
Australia and Oceania,Solomon Islands,Personal Care,Offline,H,5/10/2015,517935693,6/16/2015,7536
Sub-Saharan Africa,Uganda,Clothes,Offline,C,2/13/2012,851652705,3/27/2012,1816
Sub-Saharan Africa,Equatorial Guinea,Cereal,Offline,M,9/7/2012,517799222,10/23/2012,7151
Central America and the Caribbean,Costa Rica,Office Supplies,Offline,C,2/4/2015,666424071,3/4/2015,8547
Europe,Moldova ,Fruits,Offline,C,11/16/2010,267888581,12/22/2010,3039
Sub-Saharan Africa,Burkina Faso,Vegetables,Online,L,7/20/2011,162866580,7/26/2011,4695
Central America and the Caribbean,Guatemala,Beverages,Offline,H,7/26/2014,812344396,8/30/2014,9614
Sub-Saharan Africa,Swaziland,Meat,Online,M,8/24/2014,947620856,9/3/2014,924
Asia,Maldives,Vegetables,Online,H,2/25/2015,720307290,3/28/2015,3789
Asia,Thailand,Household,Online,H,9/21/2016,352327525,10/27/2016,399
Sub-Saharan Africa,Sudan,Household,Online,C,6/28/2013,585917890,7/23/2013,4979
Central America and the Caribbean,Costa Rica,Meat,Offline,L,1/5/2012,433627212,2/13/2012,8783
Europe,Denmark,Beverages,Online,C,5/1/2012,328316819,5/30/2012,5098
Sub-Saharan Africa,Angola,Cereal,Offline,C,10/13/2011,773160541,11/21/2011,4240
Australia and Oceania,Papua New Guinea,Household,Online,M,3/14/2012,442214143,5/3/2012,9847
Asia,North Korea,Meat,Online,M,1/19/2014,277568137,2/7/2014,7435
Central America and the Caribbean,El Salvador,Fruits,Online,C,11/6/2016,245042169,12/15/2016,2278
Sub-Saharan Africa,Burkina Faso,Household,Online,M,2/28/2011,778490626,3/24/2011,1531
Middle East and North Africa,Yemen,Baby Food,Online,C,10/11/2014,482649838,11/13/2014,5668
Sub-Saharan Africa,Republic of the Congo,Beverages,Online,L,6/25/2012,732568633,7/5/2012,2193
Europe,Andorra,Household,Online,M,11/6/2012,723608338,11/23/2012,642
Central America and the Caribbean,Dominican Republic,Household,Offline,H,2/24/2014,621442782,4/14/2014,7584
Middle East and North Africa,Israel,Baby Food,Offline,M,9/19/2015,212058293,10/6/2015,1616
Australia and Oceania,Solomon Islands,Snacks,Offline,L,3/4/2014,251753699,3/24/2014,8369
Sub-Saharan Africa,Liberia,Fruits,Online,M,10/8/2014,217140328,10/30/2014,5503
Sub-Saharan Africa,Mali,Vegetables,Online,C,6/19/2012,555142009,7/10/2012,7712
Asia,Uzbekistan,Clothes,Online,C,11/11/2010,432995069,12/13/2010,1718
Middle East and North Africa,Tunisia ,Personal Care,Offline,H,11/2/2015,635397565,11/21/2015,7114
Europe,Vatican City,Vegetables,Online,C,4/28/2014,778763139,5/9/2014,2173
Sub-Saharan Africa,Djibouti,Snacks,Offline,H,12/22/2012,832713305,2/9/2013,7227
Europe,Ukraine,Household,Offline,M,8/25/2014,498585164,9/29/2014,1285
Australia and Oceania,East Timor,Fruits,Offline,M,11/26/2016,195177543,12/23/2016,6227
Sub-Saharan Africa,Uganda,Cereal,Online,C,10/20/2010,861601769,12/2/2010,5965
Sub-Saharan Africa,Guinea,Meat,Online,H,12/18/2014,807281672,1/26/2015,1441
Sub-Saharan Africa,Equatorial Guinea,Clothes,Offline,H,3/20/2011,661953580,4/24/2011,5629
Europe,Malta,Cosmetics,Online,M,7/12/2016,225666320,8/21/2016,8534
Europe,Cyprus,Household,Offline,L,1/26/2011,718781220,2/19/2011,2191
Europe,Czech Republic,Office Supplies,Online,L,2/24/2010,731972110,4/15/2010,5668
Middle East and North Africa,Libya,Vegetables,Online,C,1/2/2015,276225316,2/9/2015,64
Asia,Vietnam,Office Supplies,Offline,C,7/26/2016,332839667,7/27/2016,3509
Middle East and North Africa,Jordan,Vegetables,Online,C,6/1/2014,603426492,6/15/2014,6163
Sub-Saharan Africa,Mali,Beverages,Offline,H,12/21/2012,859909617,1/29/2013,5220
Europe,Czech Republic,Household,Online,L,2/27/2010,494525372,3/2/2010,9902
Europe,Slovakia,Vegetables,Online,M,3/23/2015,401116263,3/31/2015,8071
Sub-Saharan Africa,Zimbabwe,Vegetables,Offline,C,7/22/2012,768662583,8/10/2012,3195
Central America and the Caribbean,Honduras,Cereal,Online,M,2/22/2015,544219195,3/9/2015,5409
Europe,Switzerland,Beverages,Offline,L,2/18/2017,682831895,3/16/2017,3987
Sub-Saharan Africa,South Africa,Cosmetics,Offline,L,1/21/2015,889740073,1/26/2015,2715
Sub-Saharan Africa,Uganda,Beverages,Online,M,5/10/2012,567614495,6/28/2012,8598
Middle East and North Africa,Iran,Vegetables,Offline,M,12/16/2015,938025844,1/21/2016,1547
Middle East and North Africa,Algeria,Vegetables,Online,C,2/25/2017,155710446,2/25/2017,7036
Sub-Saharan Africa,Central African Republic,Baby Food,Online,L,1/31/2012,945717132,2/13/2012,7570
Central America and the Caribbean,The Bahamas,Cosmetics,Offline,C,2/7/2013,253407227,2/15/2013,7685
Sub-Saharan Africa,South Africa,Household,Offline,H,9/14/2014,494454562,9/22/2014,8948
Sub-Saharan Africa,Benin,Cereal,Online,M,6/5/2012,104845464,7/24/2012,4957
Europe,Hungary,Cosmetics,Online,M,4/5/2014,290878760,4/7/2014,6344
Europe,Austria,Office Supplies,Offline,C,2/2/2014,979165780,2/10/2014,5768
Asia,Tajikistan,Office Supplies,Offline,C,9/1/2010,366630351,10/12/2010,2923
Europe,Portugal,Office Supplies,Online,C,5/17/2011,770508801,6/25/2011,9532
Europe,Belgium,Beverages,Offline,M,4/21/2013,978349959,5/21/2013,4349
Europe,Slovenia,Beverages,Offline,L,8/10/2014,298015153,8/14/2014,8161
Europe,Czech Republic,Snacks,Online,M,9/19/2010,807678210,10/30/2010,8786
Australia and Oceania,Marshall Islands,Personal Care,Offline,C,4/13/2013,605825459,5/14/2013,6071
Sub-Saharan Africa,Sudan,Fruits,Online,C,1/28/2016,561255729,2/1/2016,6897
Central America and the Caribbean,Dominican Republic,Clothes,Online,H,12/9/2013,263080346,12/14/2013,175
Sub-Saharan Africa,Tanzania,Cereal,Offline,C,2/21/2014,270723140,3/9/2014,1848
North America,Greenland,Household,Online,L,4/17/2014,192721068,5/20/2014,9302
Australia and Oceania,Tonga,Fruits,Offline,L,5/20/2011,227486360,6/8/2011,7124
Middle East and North Africa,Saudi Arabia,Vegetables,Online,M,8/28/2012,808890140,9/22/2012,7422
Central America and the Caribbean,Belize,Cosmetics,Offline,C,7/25/2015,597918736,9/11/2015,6296
Sub-Saharan Africa,Angola,Cosmetics,Online,H,10/27/2014,125870978,11/20/2014,6874
Asia,Malaysia,Household,Online,H,10/18/2013,444358193,10/21/2013,4319
Sub-Saharan Africa,Ethiopia,Beverages,Online,C,2/15/2013,875304210,3/12/2013,822
North America,Greenland,Baby Food,Offline,C,7/8/2014,360945355,8/16/2014,607
Sub-Saharan Africa,Benin,Cereal,Offline,C,12/12/2016,613830459,1/16/2017,4928
Middle East and North Africa,Yemen,Cereal,Offline,H,11/24/2012,266820847,12/10/2012,7073
Sub-Saharan Africa,Rwanda,Baby Food,Offline,M,11/3/2014,723090350,11/27/2014,7358
Sub-Saharan Africa,Mauritania,Meat,Offline,M,8/3/2013,306125295,8/15/2013,8132
Australia and Oceania,New Zealand,Personal Care,Online,L,5/23/2012,109724509,6/16/2012,8775
Australia and Oceania,Samoa ,Clothes,Offline,M,7/22/2015,847999322,8/6/2015,699
Australia and Oceania,Fiji,Clothes,Online,H,2/1/2017,605373561,3/2/2017,2344
Sub-Saharan Africa,Malawi,Beverages,Online,H,1/28/2012,686583554,2/22/2012,4186
Australia and Oceania,Marshall Islands,Beverages,Offline,M,8/3/2015,666678130,9/21/2015,3729
Central America and the Caribbean,Grenada,Baby Food,Online,M,6/23/2013,641018617,6/30/2013,508
Europe,Luxembourg,Meat,Online,C,8/3/2011,775278842,9/22/2011,1093
Sub-Saharan Africa,Zimbabwe,Meat,Offline,M,10/30/2016,855445134,12/6/2016,4080
Asia,China,Vegetables,Online,H,9/5/2010,737816321,9/21/2010,5100
North America,United States of America,Beverages,Online,L,7/13/2013,799003732,7/14/2013,1815
Sub-Saharan Africa,Central African Republic,Vegetables,Online,L,10/9/2012,585931193,11/21/2012,8916
Central America and the Caribbean,Antigua and Barbuda ,Vegetables,Online,M,1/3/2012,165835034,1/5/2012,3127
Central America and the Caribbean,Guatemala,Baby Food,Offline,H,2/8/2012,576264083,3/14/2012,8203
Middle East and North Africa,Qatar,Clothes,Offline,L,1/3/2015,675079667,1/7/2015,9930
Middle East and North Africa,Israel,Personal Care,Online,L,5/13/2012,290455615,5/28/2012,1126
Asia,Thailand,Snacks,Offline,L,1/13/2012,670878255,2/15/2012,6639
Asia,Singapore,Cereal,Online,M,7/30/2011,435146415,8/12/2011,8349
Asia,North Korea,Snacks,Online,C,3/13/2017,522371423,4/8/2017,167
Asia,Japan,Baby Food,Offline,L,3/16/2016,823699796,4/19/2016,9929
Sub-Saharan Africa,Zimbabwe,Beverages,Offline,L,12/18/2015,567588317,12/26/2015,851
Europe,Luxembourg,Baby Food,Offline,H,6/30/2011,393620669,8/2/2011,9958
Sub-Saharan Africa,Central African Republic,Cosmetics,Offline,H,3/27/2016,877424657,4/10/2016,8309
Europe,Norway,Household,Offline,M,12/23/2016,326714789,1/21/2017,1021
Sub-Saharan Africa,Democratic Republic of the Congo,Fruits,Offline,M,4/18/2013,243102395,4/18/2013,8256
Australia and Oceania,New Zealand,Household,Offline,L,3/8/2017,398511302,4/20/2017,7205
Europe,Ukraine,Personal Care,Offline,M,6/3/2011,185177838,7/4/2011,7092
Asia,Taiwan,Personal Care,Offline,H,11/30/2013,865650832,12/31/2013,4173
Europe,Italy,Cereal,Offline,C,5/11/2013,622791612,5/31/2013,6733
Europe,Finland,Personal Care,Online,L,11/13/2010,409774005,11/27/2010,89
Sub-Saharan Africa,Sudan,Office Supplies,Online,H,3/9/2016,800084340,4/21/2016,1591
Europe,Croatia,Snacks,Offline,M,8/19/2013,637521445,9/12/2013,5618
Sub-Saharan Africa,Mauritania,Beverages,Online,L,4/19/2011,186196649,5/28/2011,8581
Australia and Oceania,New Zealand,Baby Food,Offline,L,7/20/2014,680533778,7/25/2014,3923
Middle East and North Africa,Pakistan,Beverages,Online,L,9/8/2014,275269162,9/15/2014,7117
Europe,Poland,Household,Online,C,6/4/2015,795451629,6/19/2015,668
Europe,Lithuania,Cereal,Offline,M,12/19/2013,986442506,1/1/2014,9113
Middle East and North Africa,Pakistan,Cereal,Offline,M,5/18/2012,563915622,6/10/2012,4019
Australia and Oceania,East Timor,Cosmetics,Offline,C,10/12/2013,663857305,11/13/2013,8984
Australia and Oceania,Marshall Islands,Fruits,Online,L,1/2/2011,692566382,1/14/2011,4638
Central America and the Caribbean,Cuba,Household,Offline,L,2/2/2013,576654183,2/3/2013,3642
North America,Greenland,Baby Food,Offline,H,3/19/2011,313044536,4/14/2011,5689
Europe,Luxembourg,Personal Care,Offline,C,10/3/2012,418973767,10/27/2012,2503
Middle East and North Africa,Israel,Beverages,Online,C,10/23/2014,581990706,11/15/2014,2838
Sub-Saharan Africa,Djibouti,Baby Food,Online,H,7/12/2015,109956681,7/24/2015,7480
Europe,Bulgaria,Cereal,Online,L,5/6/2010,181045520,5/27/2010,4247
Asia,Mongolia,Vegetables,Online,C,11/27/2010,693743550,1/9/2011,2988
Central America and the Caribbean,Dominican Republic,Clothes,Offline,L,12/26/2010,716849601,12/31/2010,582
Middle East and North Africa,Yemen,Cosmetics,Online,L,12/30/2012,739474999,1/1/2013,5940
Australia and Oceania,Federated States of Micronesia,Personal Care,Online,M,8/21/2016,421043574,9/7/2016,5005
Europe,Finland,Personal Care,Online,M,2/3/2015,841291654,3/20/2015,5751
Central America and the Caribbean,The Bahamas,Cereal,Offline,L,12/19/2013,450268065,1/4/2014,3181
Central America and the Caribbean,Grenada,Meat,Online,L,5/12/2012,918334138,6/12/2012,4334
Sub-Saharan Africa,Sao Tome and Principe,Meat,Offline,M,3/28/2014,386163699,4/19/2014,3275
Central America and the Caribbean,El Salvador,Personal Care,Offline,C,1/11/2017,214743077,2/18/2017,6103
Europe,Sweden,Baby Food,Online,M,6/21/2015,935371100,7/6/2015,5949
Asia,Turkmenistan,Cosmetics,Offline,H,11/29/2012,899659097,12/3/2012,7974
Europe,Monaco,Vegetables,Online,H,1/1/2010,329530894,2/13/2010,4369
Middle East and North Africa,Turkey,Meat,Online,H,1/6/2016,867222821,2/6/2016,9359
Sub-Saharan Africa,Mozambique,Beverages,Online,M,10/14/2014,625283706,10/23/2014,4199
Middle East and North Africa,Yemen,Office Supplies,Offline,C,12/9/2013,936574876,1/9/2014,2173
Asia,Philippines,Cereal,Offline,M,10/19/2010,504270160,11/25/2010,3601
Sub-Saharan Africa,Democratic Republic of the Congo,Personal Care,Offline,M,5/2/2011,351855885,6/2/2011,830
Australia and Oceania,Fiji,Snacks,Online,H,3/17/2011,673130881,3/23/2011,3241
Europe,Macedonia,Office Supplies,Offline,H,9/24/2014,382206475,10/13/2014,2244
Middle East and North Africa,Tunisia ,Cereal,Online,H,12/1/2015,263506495,12/14/2015,6283
Europe,Liechtenstein,Cereal,Offline,L,6/2/2017,721767270,7/18/2017,5829
Middle East and North Africa,Qatar,Cosmetics,Online,M,8/4/2011,432037627,8/18/2011,8390
Australia and Oceania,Tonga,Meat,Offline,C,7/29/2014,389678895,8/24/2014,3499
Europe,Belgium,Meat,Online,L,1/26/2017,760364902,2/24/2017,7726
Sub-Saharan Africa,Chad,Fruits,Offline,C,11/5/2010,430081975,12/9/2010,9669
Asia,Thailand,Baby Food,Online,H,3/26/2015,155128943,5/5/2015,4957
Europe,Iceland,Clothes,Offline,H,10/7/2012,312117135,10/16/2012,1251
Central America and the Caribbean,Saint Lucia,Meat,Offline,L,7/22/2013,447970378,9/2/2013,3245
Asia,Japan,Cosmetics,Offline,C,8/16/2013,629925000,8/18/2013,7661
Asia,India,Personal Care,Offline,L,11/5/2013,995529830,12/17/2013,8254
Australia and Oceania,Vanuatu,Office Supplies,Online,L,3/1/2016,402646195,3/28/2016,812
Sub-Saharan Africa,Chad,Meat,Offline,M,3/25/2012,479447925,4/4/2012,8150
Sub-Saharan Africa,Malawi,Cosmetics,Offline,H,6/20/2017,674421346,6/29/2017,5118
Europe,Finland,Cosmetics,Online,L,4/18/2014,506365287,5/16/2014,3596
Middle East and North Africa,Turkey,Clothes,Online,C,6/28/2016,914391076,8/4/2016,7494
Sub-Saharan Africa,South Africa,Meat,Online,L,5/20/2012,207922542,7/1/2012,7755
Europe,Lithuania,Office Supplies,Offline,M,2/4/2014,816696012,2/16/2014,7353
Europe,Russia,Beverages,Offline,L,11/15/2015,740760314,11/21/2015,6293
Central America and the Caribbean,The Bahamas,Baby Food,Online,C,1/11/2013,300476777,2/28/2013,6610
Central America and the Caribbean,The Bahamas,Snacks,Online,L,4/24/2013,786519229,6/7/2013,7373
Middle East and North Africa,Turkey,Cosmetics,Offline,C,5/15/2010,409873998,6/3/2010,9679
Sub-Saharan Africa,Mauritius ,Cosmetics,Offline,H,4/17/2010,151839911,5/22/2010,1659
Europe,Bulgaria,Vegetables,Online,H,8/25/2012,614028298,9/9/2012,3473
Middle East and North Africa,Iran,Household,Offline,L,4/19/2014,668362987,5/13/2014,2315
Sub-Saharan Africa,Ghana,Household,Online,M,2/26/2013,607080304,4/5/2013,7408
Sub-Saharan Africa,Malawi,Baby Food,Online,M,12/28/2011,792729079,1/17/2012,5006
Sub-Saharan Africa,Zimbabwe,Baby Food,Offline,M,8/21/2014,308170640,10/10/2014,3395
Asia,Tajikistan,Vegetables,Online,H,8/21/2014,106578814,10/2/2014,7894
Europe,Czech Republic,Cereal,Online,H,3/2/2014,761439931,3/28/2014,5851
Sub-Saharan Africa,Mauritius ,Household,Online,L,9/6/2012,216552817,9/27/2012,1646
Sub-Saharan Africa,Lesotho,Fruits,Online,H,9/16/2010,536028802,9/22/2010,1689
Sub-Saharan Africa,Mali,Beverages,Online,L,3/17/2012,410452497,3/26/2012,870
Europe,Georgia,Personal Care,Online,C,9/11/2012,226077878,10/23/2012,323
Europe,Albania,Office Supplies,Offline,M,8/31/2011,476436126,10/15/2011,6892
Europe,Cyprus,Cosmetics,Offline,L,4/21/2015,650727784,6/6/2015,3667
Central America and the Caribbean,Saint Kitts and Nevis ,Household,Offline,C,7/11/2010,464626681,7/27/2010,2215
Middle East and North Africa,Tunisia ,Meat,Offline,C,8/9/2015,154119145,9/21/2015,6135
Central America and the Caribbean,Cuba,Meat,Online,M,10/17/2015,925504004,12/6/2015,6057
Australia and Oceania,Kiribati,Cereal,Offline,L,7/24/2012,905392587,8/16/2012,4641
Asia,Cambodia,Snacks,Online,C,3/25/2012,990708720,5/4/2012,1581
Europe,Moldova ,Baby Food,Online,M,8/11/2014,798688733,9/18/2014,8600
Asia,Uzbekistan,Cereal,Offline,C,10/15/2016,916881453,11/28/2016,4452
Asia,India,Cosmetics,Offline,L,12/3/2016,653148210,1/21/2017,9924
Europe,Germany,Personal Care,Offline,C,6/12/2010,285662829,7/13/2010,2834
Europe,Austria,Vegetables,Online,C,7/29/2016,612911641,8/31/2016,3030
Europe,Germany,Office Supplies,Offline,L,12/9/2013,703693473,1/12/2014,7391
Asia,Bhutan,Clothes,Online,M,7/12/2012,147119653,8/9/2012,4829
Asia,Kyrgyzstan,Fruits,Online,C,1/14/2012,402614009,3/2/2012,1287
Middle East and North Africa,Somalia,Personal Care,Online,C,3/20/2013,749912869,4/25/2013,4738
Central America and the Caribbean,Saint Lucia,Household,Online,H,2/10/2014,539065062,3/10/2014,186
Europe,Armenia,Snacks,Offline,H,10/26/2013,540431916,11/15/2013,4668
North America,Canada,Beverages,Online,C,4/16/2016,694687259,6/2/2016,2252
Sub-Saharan Africa,Burundi,Cosmetics,Offline,H,5/27/2011,562817418,6/2/2011,9036
Europe,Liechtenstein,Cereal,Online,L,8/4/2016,676121222,9/9/2016,8149
Middle East and North Africa,Tunisia ,Snacks,Offline,L,7/3/2012,286210000,8/5/2012,4754
Middle East and North Africa,Iraq,Beverages,Online,L,12/4/2014,515007579,1/11/2015,1042
Asia,Indonesia,Cosmetics,Offline,C,5/31/2010,304750287,6/1/2010,1237
Asia,Kazakhstan,Beverages,Online,H,2/5/2013,467986953,2/17/2013,6594
Europe,Denmark,Beverages,Offline,C,6/15/2015,537578904,7/9/2015,399
Europe,Luxembourg,Vegetables,Offline,L,10/21/2014,116699969,11/18/2014,2969
Sub-Saharan Africa,Cape Verde,Snacks,Offline,C,2/13/2017,228836476,3/13/2017,6653
Australia and Oceania,Palau,Vegetables,Offline,C,6/29/2010,167787253,7/16/2010,832
Australia and Oceania,Australia,Vegetables,Online,M,5/19/2014,647663629,5/20/2014,6915
Central America and the Caribbean,Nicaragua,Meat,Offline,L,3/21/2015,652889430,4/15/2015,3346
Asia,Laos,Office Supplies,Offline,M,8/31/2015,588200986,10/15/2015,598
Central America and the Caribbean,Cuba,Personal Care,Online,L,8/23/2015,928647124,8/30/2015,6176
Europe,Moldova ,Cosmetics,Offline,L,2/24/2016,869589173,3/17/2016,9615
Middle East and North Africa,Syria,Household,Online,C,6/17/2015,576700961,7/23/2015,7485
Central America and the Caribbean,The Bahamas,Cereal,Offline,M,11/27/2012,735968816,12/6/2012,8382
Europe,Belarus,Snacks,Offline,M,9/7/2012,303691565,10/19/2012,7938
Middle East and North Africa,United Arab Emirates,Clothes,Offline,C,6/23/2012,556480538,8/7/2012,3812
Sub-Saharan Africa,Angola,Beverages,Offline,H,10/23/2014,141259562,11/11/2014,698
Central America and the Caribbean,Cuba,Cosmetics,Offline,C,9/18/2015,925264966,10/18/2015,5320
Europe,Ukraine,Office Supplies,Online,H,1/24/2016,346045577,2/20/2016,1431
Sub-Saharan Africa,Mozambique,Fruits,Offline,H,3/23/2010,861462724,4/19/2010,4818
Europe,Armenia,Personal Care,Online,M,7/26/2012,499690234,8/28/2012,8299
North America,Greenland,Clothes,Online,H,10/20/2015,509214437,11/2/2015,6722
Central America and the Caribbean,Saint Kitts and Nevis ,Office Supplies,Online,M,6/27/2017,408834159,7/18/2017,1968
Europe,Vatican City,Beverages,Offline,M,4/4/2016,237660729,4/30/2016,7946
Europe,Ukraine,Clothes,Online,C,8/5/2015,105117976,9/9/2015,5600
Sub-Saharan Africa,Niger,Cereal,Offline,L,6/16/2012,640942227,7/4/2012,7903
Asia,Myanmar,Cosmetics,Online,L,4/3/2016,745182311,5/5/2016,4860
Sub-Saharan Africa,Guinea,Baby Food,Offline,C,9/21/2014,738199555,9/21/2014,8508
Sub-Saharan Africa,Guinea-Bissau,Snacks,Online,L,8/8/2015,110667788,9/10/2015,7913
Sub-Saharan Africa,South Sudan,Office Supplies,Online,C,7/19/2012,673573338,7/20/2012,4174
Middle East and North Africa,Turkey,Snacks,Offline,H,8/26/2011,708215034,9/13/2011,5421
Australia and Oceania,Palau,Household,Online,M,6/23/2012,816204202,7/1/2012,1816
Europe,Poland,Beverages,Offline,L,11/20/2011,769464671,12/24/2011,550
Asia,Malaysia,Beverages,Offline,L,5/13/2015,860232770,6/4/2015,848
North America,United States of America,Personal Care,Offline,C,7/16/2010,551057326,8/22/2010,8963
Europe,Switzerland,Cosmetics,Online,C,5/21/2016,724799668,5/27/2016,3183
Australia and Oceania,Papua New Guinea,Cosmetics,Offline,H,4/22/2011,534633624,6/8/2011,8825
Sub-Saharan Africa,Namibia,Beverages,Offline,H,8/14/2012,554045522,9/20/2012,3237
Europe,Ireland,Clothes,Online,C,3/17/2012,526834189,5/2/2012,799
Sub-Saharan Africa,Mozambique,Household,Online,C,8/6/2010,717110955,8/9/2010,7922
Sub-Saharan Africa,Democratic Republic of the Congo,Baby Food,Offline,L,2/25/2013,559299647,3/26/2013,8049
North America,United States of America,Meat,Online,M,3/6/2011,908136594,3/10/2011,6654
Middle East and North Africa,Azerbaijan,Office Supplies,Offline,M,12/14/2015,888670623,12/16/2015,6240
Europe,Belgium,Office Supplies,Offline,C,2/10/2017,146263062,2/16/2017,1345
Asia,Taiwan,Office Supplies,Offline,L,9/20/2016,196587741,10/28/2016,3536
Central America and the Caribbean,Panama,Baby Food,Online,M,4/30/2010,375630986,6/2/2010,6411
Europe,Andorra,Beverages,Offline,H,6/25/2013,989691627,7/10/2013,600
Europe,Georgia,Household,Offline,H,7/4/2012,165380990,7/27/2012,8765
Central America and the Caribbean,Barbados,Snacks,Online,C,9/21/2013,599622905,10/22/2013,597
Europe,Sweden,Personal Care,Offline,C,12/8/2016,109653699,1/6/2017,7821
Middle East and North Africa,Algeria,Meat,Offline,M,9/2/2011,183022201,10/15/2011,9191
Europe,Italy,Personal Care,Online,L,3/21/2011,127589738,4/2/2011,5494
Europe,Russia,Fruits,Offline,L,1/8/2011,221530139,1/26/2011,4546
Central America and the Caribbean,Antigua and Barbuda ,Office Supplies,Offline,M,2/22/2015,363329732,2/22/2015,6197
Middle East and North Africa,Jordan,Fruits,Online,C,5/15/2017,521787345,6/25/2017,7325
Sub-Saharan Africa,Mali,Meat,Online,L,7/14/2012,286014306,8/15/2012,6844
Middle East and North Africa,Somalia,Cereal,Offline,C,6/25/2015,215434443,6/30/2015,694
Middle East and North Africa,Kuwait,Snacks,Online,L,10/26/2011,489784085,11/1/2011,6850
Sub-Saharan Africa,Liberia,Office Supplies,Offline,C,9/24/2014,459112060,10/12/2014,316
Asia,China,Office Supplies,Online,C,9/30/2015,893779695,11/7/2015,8128
Europe,Andorra,Meat,Offline,M,3/31/2011,834460818,3/31/2011,4355
Sub-Saharan Africa,Niger,Beverages,Online,C,10/25/2013,742141759,10/28/2013,5093
Europe,Hungary,Vegetables,Offline,M,8/12/2010,248121345,9/14/2010,3475
Europe,Monaco,Clothes,Offline,M,7/26/2012,404010903,9/4/2012,4659
Australia and Oceania,Tuvalu,Household,Online,L,9/30/2012,531734263,10/12/2012,840
Sub-Saharan Africa,South Sudan,Baby Food,Online,C,11/9/2012,473527753,12/29/2012,6240
Europe,Cyprus,Cereal,Offline,M,11/19/2011,141940200,1/2/2012,2114
Europe,Poland,Household,Offline,M,6/9/2017,869832932,7/25/2017,1749
Sub-Saharan Africa,Liberia,Snacks,Online,H,9/17/2011,460379779,11/4/2011,5462
Sub-Saharan Africa,Cote d'Ivoire,Vegetables,Online,C,10/23/2015,837067067,10/26/2015,5602
Asia,Kyrgyzstan,Beverages,Online,C,4/3/2010,393693625,4/9/2010,1547
Europe,Slovakia,Vegetables,Offline,L,7/3/2014,744370782,7/14/2014,4711
Asia,Malaysia,Cosmetics,Offline,M,12/30/2014,873522365,1/13/2015,3534
Sub-Saharan Africa,Liberia,Beverages,Online,L,5/19/2014,285884702,6/10/2014,8491
Australia and Oceania,Vanuatu,Cosmetics,Online,H,8/4/2012,356506621,9/3/2012,7086
Australia and Oceania,Kiribati,Baby Food,Offline,L,8/15/2010,280749452,10/1/2010,8856
Middle East and North Africa,Turkey,Baby Food,Online,M,4/26/2014,224287021,5/17/2014,368
Europe,San Marino,Fruits,Offline,M,6/10/2015,873105657,6/23/2015,221
Europe,Vatican City,Snacks,Offline,C,8/12/2010,283504188,9/2/2010,4044
Sub-Saharan Africa,Equatorial Guinea,Meat,Offline,L,7/15/2016,565798747,8/9/2016,1277
Middle East and North Africa,Jordan,Vegetables,Online,M,9/14/2010,151854932,10/19/2010,6104
Sub-Saharan Africa,Republic of the Congo,Fruits,Online,L,4/30/2012,251529252,5/5/2012,1950
Australia and Oceania,East Timor,Snacks,Offline,C,5/18/2013,351182544,6/22/2013,1574
Europe,Estonia,Meat,Offline,H,8/10/2014,175257527,9/25/2014,1452
Asia,Bangladesh,Snacks,Online,H,7/31/2013,142553031,9/11/2013,3465
Sub-Saharan Africa,Senegal,Fruits,Offline,H,7/2/2016,292180383,8/15/2016,1523
Middle East and North Africa,Pakistan,Fruits,Offline,L,9/13/2011,733563411,9/20/2011,6569
Europe,Czech Republic,Beverages,Online,H,4/18/2011,296438443,4/19/2011,1578
Sub-Saharan Africa,Ghana,Meat,Offline,C,2/9/2017,580854308,3/18/2017,6552
Asia,Japan,Cosmetics,Offline,H,11/20/2016,107172334,12/23/2016,3530
Asia,Kazakhstan,Baby Food,Offline,H,10/16/2010,166066348,12/5/2010,1578
Central America and the Caribbean,The Bahamas,Snacks,Offline,H,3/15/2015,768522679,3/27/2015,1794
Sub-Saharan Africa,Ethiopia,Household,Online,M,6/25/2013,195840156,7/25/2013,2309
Sub-Saharan Africa,Burkina Faso,Cosmetics,Offline,L,10/11/2012,849630105,11/9/2012,3284
Sub-Saharan Africa,Madagascar,Fruits,Offline,M,7/8/2017,701816356,7/30/2017,1910
Europe,Netherlands,Office Supplies,Online,M,6/22/2010,944635236,7/27/2010,7413
Europe,Greece,Vegetables,Online,L,2/17/2017,140635573,3/21/2017,6046
Middle East and North Africa,Egypt,Meat,Online,C,1/14/2011,972678697,2/25/2011,6096
Sub-Saharan Africa,South Sudan,Fruits,Online,M,1/9/2016,793938434,2/8/2016,2880
Europe,Kosovo,Baby Food,Online,L,7/18/2011,177901113,8/13/2011,3747
Asia,Brunei,Beverages,Online,L,3/16/2012,668365561,5/4/2012,3077
Australia and Oceania,Australia,Vegetables,Online,C,12/15/2010,729443109,1/12/2011,7281
Sub-Saharan Africa,Cape Verde,Fruits,Offline,H,3/2/2013,695557582,4/3/2013,9800
Sub-Saharan Africa,Malawi,Household,Offline,H,2/17/2010,521445310,4/4/2010,6110
Asia,Philippines,Personal Care,Online,L,2/19/2013,232155120,3/30/2013,8714
Europe,Estonia,Beverages,Online,L,10/28/2011,373048341,12/12/2011,2149
Central America and the Caribbean,Trinidad and Tobago,Office Supplies,Offline,L,10/26/2015,659798800,12/2/2015,7982
Asia,Mongolia,Household,Online,C,2/5/2013,428392827,2/5/2013,9812
Asia,Japan,Personal Care,Offline,M,8/25/2011,885129249,9/3/2011,8269
Sub-Saharan Africa,Niger,Meat,Online,C,12/4/2012,156619393,12/5/2012,6014
Middle East and North Africa,Egypt,Baby Food,Offline,M,9/8/2015,939787089,9/9/2015,2739
Central America and the Caribbean,Saint Lucia,Vegetables,Online,C,3/1/2012,151868665,4/19/2012,168
Middle East and North Africa,Qatar,Cereal,Offline,C,8/5/2014,180412948,8/24/2014,7055
Sub-Saharan Africa,Mali,Fruits,Offline,H,7/24/2013,333281266,7/28/2013,4188
Central America and the Caribbean,Saint Lucia,Cosmetics,Online,L,1/26/2012,888647449,2/28/2012,9383
Sub-Saharan Africa,Swaziland,Clothes,Offline,M,3/10/2014,844997823,4/26/2014,2488
Asia,Mongolia,Fruits,Online,M,3/30/2014,805484378,5/1/2014,9582
Sub-Saharan Africa,Botswana,Office Supplies,Online,C,1/5/2013,256158959,1/18/2013,1983
Europe,San Marino,Cosmetics,Online,H,10/28/2011,759504878,12/8/2011,3226
Middle East and North Africa,Oman,Fruits,Online,C,11/21/2010,960905301,11/25/2010,2087
Asia,Bangladesh,Office Supplies,Offline,C,10/28/2015,210409057,12/4/2015,3570
Sub-Saharan Africa,Namibia,Cosmetics,Offline,C,7/29/2010,178377473,9/1/2010,4713
Asia,North Korea,Beverages,Online,C,8/16/2013,829352176,8/26/2013,2594
Europe,Latvia,Clothes,Online,M,9/6/2012,551371467,9/15/2012,1925
Sub-Saharan Africa,Burundi,Snacks,Offline,M,2/8/2013,353061807,3/5/2013,7689
Sub-Saharan Africa,Seychelles ,Personal Care,Online,C,1/17/2011,379710948,1/30/2011,3762
Sub-Saharan Africa,Kenya,Cereal,Online,H,10/11/2015,473555219,11/6/2015,4368
Sub-Saharan Africa,Benin,Office Supplies,Online,C,2/21/2011,547143447,2/23/2011,760
Central America and the Caribbean,Saint Lucia,Personal Care,Online,C,4/29/2012,133336961,6/13/2012,6225
Middle East and North Africa,Qatar,Meat,Online,H,12/22/2014,480177485,2/7/2015,4043
Sub-Saharan Africa,Mozambique,Beverages,Online,C,12/20/2014,376547658,12/26/2014,7675
Middle East and North Africa,Pakistan,Clothes,Offline,M,6/28/2010,450849997,7/21/2010,5388
Asia,Taiwan,Personal Care,Online,M,2/6/2015,672327935,2/6/2015,5631
Central America and the Caribbean,Cuba,Cereal,Offline,L,3/30/2015,925405299,5/1/2015,6847
Central America and the Caribbean,Cuba,Household,Offline,H,7/28/2013,714818418,8/24/2013,9509
Europe,Russia,Beverages,Offline,C,1/6/2010,515616118,2/5/2010,1122
Europe,Switzerland,Cereal,Offline,C,2/20/2013,423159730,4/11/2013,1222
Europe,Czech Republic,Personal Care,Offline,H,8/25/2013,603123080,9/29/2013,6377
Europe,Poland,Meat,Offline,C,11/16/2010,841492497,12/31/2010,5185
Sub-Saharan Africa,Mauritius ,Cereal,Offline,L,8/2/2016,994566810,9/1/2016,3275
Middle East and North Africa,Pakistan,Vegetables,Offline,M,4/25/2013,538957345,4/25/2013,8310
Sub-Saharan Africa,South Africa,Fruits,Offline,L,3/2/2011,821587932,3/11/2011,4981
Sub-Saharan Africa,Seychelles ,Household,Online,C,9/28/2013,109694898,10/16/2013,13
Sub-Saharan Africa,Benin,Meat,Offline,M,5/5/2014,340827071,6/5/2014,7159
Sub-Saharan Africa,Benin,Meat,Offline,L,11/28/2014,372845780,12/9/2014,2207
Central America and the Caribbean,Nicaragua,Fruits,Online,M,8/30/2014,933924853,9/13/2014,7973
Middle East and North Africa,Lebanon,Office Supplies,Online,L,11/20/2013,572550618,11/25/2013,9306
Europe,Moldova ,Meat,Online,M,2/23/2010,607521903,4/5/2010,8086
Middle East and North Africa,Tunisia ,Snacks,Online,H,3/20/2017,177950036,4/29/2017,8225
Australia and Oceania,Vanuatu,Beverages,Offline,M,11/8/2015,293258845,11/14/2015,664
Sub-Saharan Africa,South Sudan,Beverages,Online,C,8/9/2010,683184659,8/23/2010,8377
Europe,Sweden,Cereal,Online,L,11/12/2010,247776305,11/30/2010,1370
Europe,Ireland,Meat,Offline,C,12/14/2011,207395112,1/26/2012,1677
Europe,Italy,Vegetables,Offline,L,1/10/2014,952714908,2/25/2014,8367
Europe,Bosnia and Herzegovina,Vegetables,Online,C,10/3/2010,694722020,10/3/2010,2539
Europe,Bosnia and Herzegovina,Household,Online,H,10/15/2015,414715278,11/4/2015,2321
Europe,Poland,Snacks,Offline,M,7/20/2013,714306008,8/17/2013,7876
Middle East and North Africa,Kuwait,Snacks,Online,H,1/19/2016,465418040,2/26/2016,6396
Sub-Saharan Africa,Sudan,Cereal,Online,M,8/17/2013,860287702,9/11/2013,7103
Middle East and North Africa,Saudi Arabia,Vegetables,Online,C,8/16/2016,461463820,8/20/2016,6254
Sub-Saharan Africa,Swaziland,Baby Food,Offline,M,9/25/2013,151807725,9/29/2013,2134
Sub-Saharan Africa,Rwanda,Meat,Offline,C,8/21/2013,884493243,10/2/2013,61
Asia,Cambodia,Cosmetics,Offline,M,12/10/2010,533006703,1/23/2011,7383
Sub-Saharan Africa,Central African Republic,Vegetables,Online,C,9/4/2012,641146934,10/4/2012,8480
Asia,Maldives,Cosmetics,Offline,M,10/15/2011,573025262,11/14/2011,9764
Sub-Saharan Africa,Djibouti,Household,Offline,C,8/26/2013,663065516,9/9/2013,4676
Asia,Tajikistan,Beverages,Online,M,2/17/2017,866004025,3/4/2017,8691
Asia,Sri Lanka,Baby Food,Online,H,10/19/2010,306889617,10/21/2010,4312
Europe,Montenegro,Personal Care,Online,M,7/30/2014,431083619,8/10/2014,6077
Middle East and North Africa,United Arab Emirates,Personal Care,Online,H,5/21/2015,954259860,6/4/2015,5553
Central America and the Caribbean,Dominican Republic,Personal Care,Offline,C,5/5/2016,312404668,6/21/2016,6338
Sub-Saharan Africa,Seychelles ,Office Supplies,Offline,C,4/14/2010,611816871,5/16/2010,9063
Europe,Iceland,Office Supplies,Online,C,10/26/2013,879107797,11/2/2013,6388
Sub-Saharan Africa,Nigeria,Vegetables,Offline,C,7/21/2010,211201274,9/9/2010,8005
Sub-Saharan Africa,Rwanda,Fruits,Online,H,6/9/2015,925333631,7/25/2015,5639
Europe,Hungary,Snacks,Offline,C,6/3/2010,909053695,6/27/2010,8044
Europe,Belarus,Baby Food,Online,L,5/17/2016,370222795,6/11/2016,6007
Sub-Saharan Africa,South Sudan,Cosmetics,Offline,H,8/3/2013,487014758,8/30/2013,7344
Europe,Andorra,Vegetables,Online,M,9/15/2013,257915914,10/6/2013,1905
Asia,Japan,Meat,Offline,M,7/2/2010,551725089,8/10/2010,6569
Central America and the Caribbean,El Salvador,Meat,Offline,L,12/18/2013,957553613,1/10/2014,248
Sub-Saharan Africa,Kenya,Office Supplies,Offline,L,3/19/2016,234825313,3/23/2016,8883
Europe,Bosnia and Herzegovina,Snacks,Online,M,6/9/2010,363276517,7/9/2010,449
Europe,Andorra,Personal Care,Online,M,5/21/2017,692956054,6/23/2017,9950
Sub-Saharan Africa,Cape Verde,Cosmetics,Online,H,6/12/2013,194225251,6/19/2013,4423
Australia and Oceania,Nauru,Fruits,Online,L,2/22/2010,607757937,4/5/2010,7934
Europe,Czech Republic,Cereal,Offline,H,6/29/2012,594540441,7/30/2012,6583
Europe,Serbia,Vegetables,Online,L,3/23/2015,685871589,4/5/2015,3500
Australia and Oceania,Tuvalu,Cereal,Offline,C,2/12/2014,133362710,3/23/2014,3844
Sub-Saharan Africa,Madagascar,Clothes,Offline,H,5/22/2017,958937633,7/5/2017,9810
Sub-Saharan Africa,Ethiopia,Vegetables,Online,C,8/6/2011,304832684,9/6/2011,5620
Asia,Malaysia,Baby Food,Offline,L,11/14/2010,783596694,12/24/2010,2530
Sub-Saharan Africa,Tanzania,Household,Offline,C,2/4/2013,278910958,2/4/2013,4805
Sub-Saharan Africa,Cote d'Ivoire,Vegetables,Offline,M,7/8/2014,641489398,7/28/2014,9823
Australia and Oceania,Solomon Islands,Clothes,Offline,M,8/9/2014,647278249,9/16/2014,2873
Europe,Netherlands,Clothes,Online,H,3/13/2011,339256370,3/31/2011,2354
Sub-Saharan Africa,Mali,Baby Food,Offline,M,3/2/2016,431535089,3/19/2016,9677
Middle East and North Africa,Afghanistan,Cereal,Offline,C,12/19/2015,808538234,1/16/2016,3286
Europe,Moldova ,Personal Care,Online,C,3/28/2013,975002133,4/7/2013,3653
Asia,Bhutan,Snacks,Online,H,6/27/2015,505975615,7/4/2015,8283
Asia,Vietnam,Vegetables,Offline,M,2/18/2016,396820008,3/20/2016,6714
Europe,Portugal,Vegetables,Online,H,6/14/2013,813209140,7/10/2013,5511
Europe,Spain,Baby Food,Online,M,5/10/2014,641129338,5/14/2014,3273
Middle East and North Africa,Egypt,Meat,Offline,C,6/17/2015,636879432,7/3/2015,5632
Europe,Belgium,Snacks,Online,C,6/11/2014,277070748,7/2/2014,246
Asia,Malaysia,Cosmetics,Offline,H,11/3/2013,908627116,11/24/2013,1810
Central America and the Caribbean,Dominican Republic,Cosmetics,Offline,C,4/2/2017,798784863,5/2/2017,7047
Europe,Estonia,Beverages,Offline,H,5/28/2010,985092818,7/17/2010,9711
Sub-Saharan Africa,Burundi,Snacks,Offline,C,5/22/2010,325412309,7/7/2010,5588
Europe,Latvia,Beverages,Online,M,6/2/2016,447917163,6/24/2016,7497
Asia,Tajikistan,Meat,Offline,M,8/22/2013,801093709,10/5/2013,285
Sub-Saharan Africa,Zimbabwe,Fruits,Offline,H,10/5/2014,903740775,10/23/2014,5833
Sub-Saharan Africa,Comoros,Meat,Offline,L,10/31/2010,794969689,11/13/2010,8052
Sub-Saharan Africa,Namibia,Clothes,Online,L,11/27/2012,584204280,1/1/2013,7884
Europe,Slovenia,Cereal,Offline,H,5/22/2010,901180875,5/26/2010,8302
Europe,Bulgaria,Snacks,Offline,L,8/31/2012,645948302,9/29/2012,9312
Sub-Saharan Africa,Guinea-Bissau,Cereal,Online,L,1/23/2015,138867890,2/22/2015,2950
Sub-Saharan Africa,Lesotho,Beverages,Offline,L,3/2/2010,670613467,3/21/2010,8282
Asia,Sri Lanka,Cosmetics,Offline,L,5/9/2014,452171361,5/27/2014,6409
Australia and Oceania,East Timor,Snacks,Online,H,12/28/2010,464840400,2/5/2011,5459
Europe,Belarus,Household,Online,M,10/19/2014,410231912,10/24/2014,5594
Sub-Saharan Africa,Benin,Meat,Offline,H,1/21/2015,960269725,2/22/2015,4006
Europe,Ireland,Beverages,Offline,L,4/4/2017,607190167,5/18/2017,9919
Middle East and North Africa,Iran,Meat,Offline,H,8/5/2016,613542068,8/11/2016,9587
Sub-Saharan Africa,Benin,Household,Offline,C,11/26/2016,962186753,1/12/2017,1297
Sub-Saharan Africa,South Sudan,Beverages,Online,L,9/23/2011,806298053,10/24/2011,366
Sub-Saharan Africa,Comoros,Personal Care,Online,L,10/24/2010,719362294,12/3/2010,4144
Europe,Poland,Baby Food,Online,H,8/14/2013,445178306,9/22/2013,7008
Europe,Bosnia and Herzegovina,Cosmetics,Offline,C,2/4/2013,247857415,2/15/2013,5372
Sub-Saharan Africa,Namibia,Vegetables,Offline,C,8/11/2014,461823451,9/4/2014,2677
Europe,Spain,Office Supplies,Offline,C,1/12/2017,141812741,1/24/2017,4396
Middle East and North Africa,Iran,Meat,Online,C,7/3/2016,212874114,8/17/2016,3036
Central America and the Caribbean,Guatemala,Office Supplies,Offline,C,3/27/2010,320368897,4/2/2010,3131
Australia and Oceania,East Timor,Beverages,Online,C,6/5/2015,179970920,6/25/2015,6249
Middle East and North Africa,Bahrain,Household,Online,H,6/27/2012,927666509,7/17/2012,5990
Sub-Saharan Africa,Ethiopia,Office Supplies,Online,L,12/19/2016,169754493,1/20/2017,2982
Australia and Oceania,Solomon Islands,Personal Care,Offline,M,3/9/2015,532846200,4/20/2015,9886
Central America and the Caribbean,Belize,Snacks,Online,C,6/18/2013,213865458,7/13/2013,6397
Asia,Sri Lanka,Office Supplies,Online,C,8/12/2011,630048596,9/3/2011,4236
Central America and the Caribbean,Costa Rica,Clothes,Offline,H,4/17/2014,568944442,4/24/2014,2158
Sub-Saharan Africa,Nigeria,Baby Food,Online,L,2/3/2012,238414323,2/27/2012,951
Middle East and North Africa,Iran,Office Supplies,Online,L,8/1/2015,816632068,9/19/2015,8431
Sub-Saharan Africa,Djibouti,Baby Food,Online,C,9/11/2013,402084004,10/5/2013,4447
Asia,South Korea,Snacks,Online,L,5/8/2015,763568961,6/7/2015,5879
Central America and the Caribbean,Dominica,Snacks,Offline,L,5/22/2015,590198266,6/1/2015,1637
Asia,Vietnam,Snacks,Online,L,7/3/2013,441395747,8/19/2013,7665
Europe,Norway,Personal Care,Offline,H,6/16/2010,496897733,7/21/2010,1936
Central America and the Caribbean,Haiti,Beverages,Online,C,11/8/2011,106753051,11/14/2011,9455
Central America and the Caribbean,Jamaica,Fruits,Offline,L,10/17/2016,941323029,10/27/2016,7258
Sub-Saharan Africa,Sudan,Vegetables,Offline,M,2/2/2014,241281497,3/3/2014,9412
Sub-Saharan Africa,Angola,Meat,Offline,L,4/30/2016,267614781,5/12/2016,2016
Central America and the Caribbean,Panama,Cosmetics,Offline,M,8/31/2010,651621711,10/16/2010,8200
Europe,Greece,Personal Care,Online,M,8/8/2015,644913613,9/7/2015,3124
Sub-Saharan Africa,Madagascar,Cereal,Offline,H,8/18/2016,469414317,8/19/2016,8983
North America,Greenland,Clothes,Online,L,1/28/2011,851299941,2/1/2011,7425
Middle East and North Africa,Libya,Beverages,Offline,H,2/4/2011,854095017,3/4/2011,4550
Europe,Belarus,Vegetables,Offline,C,11/3/2012,478919208,11/27/2012,1691
Sub-Saharan Africa,Djibouti,Baby Food,Offline,H,5/17/2012,958912742,6/28/2012,2444
Central America and the Caribbean,Barbados,Personal Care,Online,C,2/20/2010,921992242,3/4/2010,6848
Sub-Saharan Africa,Guinea-Bissau,Vegetables,Online,L,2/28/2017,522921168,3/2/2017,2849
Europe,Finland,Personal Care,Offline,C,5/17/2013,166435849,6/7/2013,921
Central America and the Caribbean,Haiti,Baby Food,Offline,L,11/9/2013,327585113,11/23/2013,8569
Sub-Saharan Africa,Niger,Clothes,Offline,M,1/10/2012,201730287,2/19/2012,5330
Central America and the Caribbean,Trinidad and Tobago,Fruits,Offline,L,9/24/2013,854545199,11/9/2013,7769
Central America and the Caribbean,Grenada,Personal Care,Online,M,9/26/2010,272016179,11/8/2010,4487
Central America and the Caribbean,Dominican Republic,Cereal,Offline,H,10/21/2014,110442054,11/20/2014,1113
Europe,Monaco,Household,Offline,C,1/17/2016,746434152,2/5/2016,5308
Europe,Estonia,Vegetables,Online,L,12/27/2016,826916301,1/7/2017,1764
Europe,Italy,Beverages,Offline,H,8/30/2013,419124829,9/19/2013,7206
Asia,Malaysia,Office Supplies,Online,C,7/7/2014,560608565,8/24/2014,5387
Sub-Saharan Africa,Ghana,Office Supplies,Offline,L,3/2/2015,634153020,3/11/2015,8826
Middle East and North Africa,Pakistan,Clothes,Offline,C,1/29/2011,693159472,2/5/2011,146
Asia,Sri Lanka,Snacks,Offline,L,11/13/2013,860886800,11/23/2013,4390
Europe,Romania,Fruits,Offline,C,4/9/2012,131209647,5/3/2012,6705
Middle East and North Africa,Qatar,Office Supplies,Online,H,6/28/2012,343239343,7/13/2012,1004
Sub-Saharan Africa,Cote d'Ivoire,Clothes,Online,H,6/8/2010,706399714,7/19/2010,8228
Middle East and North Africa,Egypt,Office Supplies,Online,M,8/23/2010,950427091,9/14/2010,1352
Middle East and North Africa,Iran,Snacks,Offline,H,12/11/2014,875370299,12/28/2014,379
Middle East and North Africa,Somalia,Clothes,Online,C,1/27/2011,801590669,3/15/2011,7347
Middle East and North Africa,Syria,Personal Care,Offline,C,5/7/2014,219762027,5/28/2014,1322
Australia and Oceania,Solomon Islands,Cereal,Offline,C,11/8/2010,940870702,11/21/2010,3404
Central America and the Caribbean,Guatemala,Fruits,Online,M,3/30/2014,346215522,5/4/2014,1721
Middle East and North Africa,Kuwait,Clothes,Offline,C,7/9/2016,837407815,7/20/2016,6436
Middle East and North Africa,Jordan,Meat,Online,L,7/15/2014,386371409,7/19/2014,4741
Australia and Oceania,Marshall Islands,Beverages,Offline,H,10/14/2013,185342633,11/24/2013,5859
Middle East and North Africa,Egypt,Snacks,Offline,C,1/13/2017,596870315,2/18/2017,6045
Europe,Switzerland,Meat,Online,C,12/22/2012,703815782,1/7/2013,3585
Australia and Oceania,Samoa ,Personal Care,Online,C,4/16/2010,559352862,6/4/2010,3797
Europe,Portugal,Cosmetics,Offline,C,2/27/2011,736967885,3/12/2011,4029
Europe,Albania,Clothes,Offline,C,1/14/2015,980459678,2/9/2015,8661
Central America and the Caribbean,Dominica,Vegetables,Offline,C,11/16/2014,653939568,12/6/2014,4105
Australia and Oceania,Tuvalu,Cosmetics,Online,H,1/17/2016,991831386,1/29/2016,3803
Australia and Oceania,Marshall Islands,Cereal,Online,L,5/29/2017,148871457,7/6/2017,3227
Europe,Bulgaria,Fruits,Online,H,2/10/2015,850108611,2/25/2015,4884
Sub-Saharan Africa,Niger,Office Supplies,Offline,M,12/8/2013,940904176,1/7/2014,3309
Central America and the Caribbean,Saint Vincent and the Grenadines,Office Supplies,Offline,H,12/10/2015,136931979,12/13/2015,70
Sub-Saharan Africa,Malawi,Beverages,Offline,L,9/4/2016,474178349,9/26/2016,8766
Sub-Saharan Africa,Cape Verde,Personal Care,Offline,L,7/19/2016,458942115,7/29/2016,25
Central America and the Caribbean,Saint Vincent and the Grenadines,Beverages,Offline,C,1/9/2017,917834603,1/13/2017,6510
Europe,Greece,Personal Care,Offline,H,11/5/2016,947779643,12/5/2016,7913
Europe,Monaco,Clothes,Online,L,10/31/2015,166013562,11/26/2015,5957
Sub-Saharan Africa,Nigeria,Beverages,Online,L,1/25/2011,960085189,2/13/2011,9397
Europe,Norway,Cosmetics,Offline,C,11/8/2015,837855851,11/8/2015,9020
North America,Greenland,Snacks,Offline,L,6/24/2010,977499377,8/12/2010,2643
Middle East and North Africa,Tunisia ,Beverages,Online,L,2/27/2014,377502095,3/3/2014,114
Asia,Uzbekistan,Meat,Offline,H,2/5/2013,806662833,3/27/2013,8313
Central America and the Caribbean,Saint Kitts and Nevis ,Vegetables,Online,H,4/15/2017,954092919,5/11/2017,6152
Central America and the Caribbean,Belize,Meat,Online,L,4/9/2011,479216182,4/26/2011,9572
Sub-Saharan Africa,Angola,Personal Care,Online,H,12/13/2010,461768949,12/30/2010,6548
Asia,Bhutan,Meat,Online,C,5/13/2014,251800048,5/22/2014,2085
Central America and the Caribbean,Honduras,Personal Care,Offline,L,1/16/2013,619670808,2/25/2013,3217
Sub-Saharan Africa,South Sudan,Household,Offline,H,12/9/2010,606055057,1/23/2011,4014
Asia,Kyrgyzstan,Baby Food,Online,L,1/24/2013,671939122,2/14/2013,573
Sub-Saharan Africa,Sao Tome and Principe,Cosmetics,Offline,M,2/25/2014,448621833,3/3/2014,6025
Sub-Saharan Africa,Madagascar,Fruits,Online,M,7/23/2017,987714517,9/11/2017,5530
Sub-Saharan Africa,Senegal,Household,Online,H,5/7/2016,711141002,6/14/2016,1280
Sub-Saharan Africa,Sierra Leone,Office Supplies,Online,C,3/24/2012,361137616,4/18/2012,7501
Asia,Malaysia,Household,Offline,H,10/3/2011,750253188,11/21/2011,5446
Central America and the Caribbean,Cuba,Office Supplies,Online,C,12/22/2014,511349046,1/2/2015,8401
Sub-Saharan Africa,Zimbabwe,Personal Care,Offline,L,8/23/2011,147599017,8/28/2011,6684
Europe,Serbia,Beverages,Online,H,4/18/2015,682489430,5/23/2015,2644
Asia,Maldives,Vegetables,Offline,M,1/11/2014,509819114,2/23/2014,5660
Europe,Ireland,Office Supplies,Offline,M,2/27/2012,343699395,4/2/2012,7144
Europe,Romania,Clothes,Offline,L,4/4/2011,968554103,4/8/2011,5537
Europe,Croatia,Beverages,Online,M,12/26/2013,989119565,1/6/2014,1315
Europe,Albania,Vegetables,Offline,M,9/12/2012,880444610,10/31/2012,1980
Central America and the Caribbean,Dominican Republic,Vegetables,Offline,L,12/19/2015,737890565,1/15/2016,7071
Sub-Saharan Africa,Zimbabwe,Vegetables,Online,M,6/26/2014,727131259,8/9/2014,3153
Asia,Laos,Beverages,Online,H,8/17/2014,315254676,9/8/2014,9719
Central America and the Caribbean,Panama,Personal Care,Offline,M,7/19/2010,147047555,9/3/2010,3494
Sub-Saharan Africa,Angola,Household,Online,L,1/14/2013,576455485,2/13/2013,4843
Middle East and North Africa,Syria,Snacks,Offline,L,7/19/2010,770714795,8/26/2010,490
Sub-Saharan Africa,Sierra Leone,Cosmetics,Offline,H,7/11/2011,867374312,8/3/2011,4189
Sub-Saharan Africa,Uganda,Fruits,Online,L,5/4/2010,624295365,6/23/2010,1727
Asia,Taiwan,Clothes,Offline,M,10/13/2013,769651782,11/3/2013,5921
Middle East and North Africa,Azerbaijan,Vegetables,Online,C,7/27/2014,751929891,8/1/2014,1619
Asia,Maldives,Office Supplies,Online,H,4/4/2010,989928519,4/11/2010,702
Sub-Saharan Africa,Mauritania,Meat,Offline,H,8/17/2014,622758996,10/1/2014,7081
Sub-Saharan Africa,Burundi,Baby Food,Online,H,1/4/2016,659845149,1/29/2016,1698
Sub-Saharan Africa,Zambia,Baby Food,Offline,H,5/17/2011,830923306,6/5/2011,7526
Asia,Singapore,Beverages,Offline,L,2/12/2010,936042296,3/17/2010,4571
Sub-Saharan Africa,Ghana,Household,Online,L,2/17/2015,395563447,3/30/2015,4869
Sub-Saharan Africa,Zambia,Fruits,Online,L,5/26/2015,360820043,7/2/2015,3524
Europe,Georgia,Snacks,Online,C,5/24/2010,958840644,6/2/2010,1109
Middle East and North Africa,Bahrain,Baby Food,Online,M,2/21/2011,195833718,4/7/2011,404
Sub-Saharan Africa,Lesotho,Personal Care,Offline,M,6/28/2014,543723094,7/2/2014,8601
Central America and the Caribbean,Barbados,Cosmetics,Offline,H,10/15/2010,494745099,10/30/2010,4924
Middle East and North Africa,Saudi Arabia,Vegetables,Online,H,5/18/2010,411448562,6/30/2010,5628
Europe,Macedonia,Personal Care,Offline,H,2/2/2017,276694810,2/16/2017,8998
Asia,Turkmenistan,Office Supplies,Offline,M,11/24/2016,143657672,1/8/2017,352
Europe,Albania,Baby Food,Online,L,9/28/2015,474222981,10/26/2015,1973
Middle East and North Africa,Afghanistan,Clothes,Online,C,12/5/2016,446991050,1/16/2017,3440
Australia and Oceania,Kiribati,Clothes,Offline,M,2/16/2017,891271722,2/22/2017,5963
Middle East and North Africa,Morocco,Cosmetics,Online,C,5/18/2010,453089320,6/16/2010,8053
Europe,Norway,Baby Food,Offline,L,9/7/2010,887180173,10/18/2010,5183
Europe,Sweden,Cosmetics,Online,L,3/12/2014,418593108,3/25/2014,9858
Asia,Tajikistan,Personal Care,Online,M,7/16/2010,492689454,8/16/2010,6613
Europe,Netherlands,Cosmetics,Online,M,12/5/2016,825143039,12/20/2016,7017
Europe,Spain,Vegetables,Online,L,10/8/2013,751940190,10/10/2013,4667
Sub-Saharan Africa,Chad,Baby Food,Offline,H,8/9/2016,579379737,8/26/2016,194
Europe,Ireland,Meat,Online,C,10/6/2011,234073007,11/20/2011,6259
Middle East and North Africa,Pakistan,Meat,Online,C,2/17/2013,612943828,3/1/2013,2554
Sub-Saharan Africa,Mozambique,Fruits,Online,C,12/14/2012,433228528,12/21/2012,804
Middle East and North Africa,Bahrain,Fruits,Online,L,11/20/2015,282475936,11/28/2015,9762
Asia,Tajikistan,Meat,Online,M,7/7/2012,368547379,7/12/2012,214
Australia and Oceania,New Zealand,Meat,Offline,H,6/2/2013,969616687,6/28/2013,9980
Sub-Saharan Africa,Niger,Baby Food,Online,L,2/4/2015,184170186,2/17/2015,8906
Europe,Armenia,Fruits,Online,C,4/28/2011,681006705,6/14/2011,3872
Sub-Saharan Africa,Gabon,Baby Food,Online,L,2/1/2012,249237573,2/21/2012,3791
Asia,Kyrgyzstan,Vegetables,Offline,H,1/29/2017,348286616,2/13/2017,4604
Australia and Oceania,Fiji,Clothes,Offline,L,12/1/2011,257890164,12/29/2011,4285
Sub-Saharan Africa,Botswana,Cereal,Online,C,5/3/2017,129268586,6/21/2017,2302
Australia and Oceania,Fiji,Cosmetics,Online,M,10/31/2015,802078616,12/9/2015,1741
Europe,Vatican City,Clothes,Offline,C,4/11/2010,907513463,4/19/2010,2256
Asia,Thailand,Vegetables,Online,L,7/17/2010,976871955,8/31/2010,6975
Europe,Belarus,Cereal,Offline,C,5/31/2012,261765420,7/17/2012,1060
Australia and Oceania,Solomon Islands,Vegetables,Offline,L,7/15/2016,784117686,7/17/2016,6703
Asia,China,Cosmetics,Offline,M,1/14/2017,586165082,1/27/2017,8128
Sub-Saharan Africa,Angola,Snacks,Online,C,11/26/2012,480456435,12/16/2012,6591
Asia,Cambodia,Cereal,Online,L,10/3/2011,899853074,10/26/2011,5376
Central America and the Caribbean,Guatemala,Baby Food,Offline,L,11/30/2010,547528827,12/15/2010,4802
Sub-Saharan Africa,Namibia,Vegetables,Online,L,5/8/2016,446970021,5/9/2016,7217
Europe,Serbia,Beverages,Offline,H,2/27/2016,791975486,3/20/2016,2001
Middle East and North Africa,Turkey,Vegetables,Offline,M,8/24/2014,496656548,9/29/2014,564
Middle East and North Africa,Pakistan,Vegetables,Offline,C,5/26/2013,345437037,6/30/2013,1351
Europe,Georgia,Vegetables,Offline,H,1/26/2015,743053281,2/23/2015,4833
Australia and Oceania,Vanuatu,Snacks,Offline,L,1/7/2012,364554107,1/18/2012,8516
Europe,Luxembourg,Cosmetics,Online,H,10/21/2012,205300843,12/3/2012,1937
Middle East and North Africa,Saudi Arabia,Household,Online,M,9/16/2015,430967319,10/5/2015,1661
Australia and Oceania,Vanuatu,Meat,Offline,H,6/28/2012,827539861,7/1/2012,6289
Central America and the Caribbean,Haiti,Snacks,Offline,H,12/2/2014,351317298,1/14/2015,1450
Asia,North Korea,Cosmetics,Offline,C,2/17/2017,157244670,3/15/2017,1047
Middle East and North Africa,Bahrain,Beverages,Online,L,6/24/2015,953554761,7/28/2015,6899
Sub-Saharan Africa,Cote d'Ivoire,Cereal,Online,L,7/30/2016,105390059,8/25/2016,6115
Asia,Singapore,Cosmetics,Offline,L,10/23/2014,970611894,11/10/2014,4483
Asia,Malaysia,Baby Food,Offline,M,12/16/2016,677394092,12/29/2016,4820
Sub-Saharan Africa,Gabon,Snacks,Online,L,4/16/2016,779897391,5/5/2016,7824
Europe,Poland,Snacks,Offline,L,3/27/2017,733528649,3/30/2017,6283
Sub-Saharan Africa,Chad,Office Supplies,Online,H,6/25/2014,444540584,8/2/2014,8292
Sub-Saharan Africa,Republic of the Congo,Clothes,Online,H,7/29/2012,542669522,9/11/2012,6826
Asia,Philippines,Fruits,Offline,L,5/4/2013,827964293,6/1/2013,1888
Europe,France,Snacks,Offline,M,2/2/2012,720786225,2/15/2012,5516
Europe,Germany,Household,Offline,H,7/24/2016,611809146,8/1/2016,6777
Sub-Saharan Africa,Uganda,Personal Care,Online,M,11/4/2012,512019383,12/12/2012,6769
Middle East and North Africa,Bahrain,Personal Care,Online,C,8/5/2014,502715766,8/17/2014,3621
Middle East and North Africa,Jordan,Office Supplies,Offline,M,10/22/2013,285509622,10/28/2013,7497
Europe,Montenegro,Beverages,Offline,L,12/1/2014,532324779,1/3/2015,5586
Europe,Germany,Cereal,Offline,M,10/7/2011,957276809,11/4/2011,8335
Europe,Italy,Snacks,Online,L,2/9/2014,580823838,3/21/2014,7536
Europe,France,Office Supplies,Offline,H,5/29/2016,459212481,6/16/2016,33
Middle East and North Africa,Algeria,Baby Food,Online,L,4/8/2013,265929067,5/23/2013,3175
Asia,Myanmar,Beverages,Online,H,9/20/2011,644772422,10/26/2011,1343
Europe,France,Vegetables,Offline,C,4/12/2012,959853875,5/4/2012,947
Europe,Spain,Vegetables,Online,C,10/2/2012,645597255,10/25/2012,5429
Asia,Cambodia,Baby Food,Offline,C,1/2/2012,556738889,1/25/2012,264
Sub-Saharan Africa,The Gambia,Vegetables,Online,M,9/30/2013,718327605,11/10/2013,7956
Europe,Russia,Baby Food,Offline,L,3/10/2015,775724732,3/20/2015,3041
Europe,Belarus,Baby Food,Offline,H,10/26/2010,444604098,10/31/2010,7088
Middle East and North Africa,Turkey,Beverages,Online,C,5/2/2011,860952031,5/13/2011,3693
Sub-Saharan Africa,Kenya,Meat,Offline,C,2/19/2017,531067359,2/20/2017,3488
Middle East and North Africa,Iran,Cosmetics,Offline,M,7/20/2014,281561410,8/2/2014,9133
Asia,Vietnam,Personal Care,Offline,L,6/18/2017,109358012,7/10/2017,321
Europe,Albania,Beverages,Online,L,7/19/2010,531693494,8/6/2010,8775
Central America and the Caribbean,Antigua and Barbuda ,Clothes,Offline,C,8/9/2013,336116683,9/4/2013,3251
Sub-Saharan Africa,Senegal,Cereal,Offline,M,3/23/2017,630488908,4/30/2017,4534
Europe,Netherlands,Fruits,Online,L,10/31/2016,792983996,12/2/2016,441
Europe,Russia,Fruits,Online,C,7/3/2016,722088277,7/3/2016,822
Europe,Slovakia,Cosmetics,Online,H,1/7/2010,386600577,1/29/2010,2557
Australia and Oceania,East Timor,Beverages,Offline,L,12/6/2014,275632226,1/18/2015,4556
Central America and the Caribbean,Haiti,Vegetables,Offline,H,10/16/2015,948607051,11/27/2015,2761
Middle East and North Africa,Yemen,Cereal,Online,H,5/10/2013,785261380,5/26/2013,5147
Australia and Oceania,Tuvalu,Cereal,Online,C,3/27/2013,935644042,5/15/2013,6719
Sub-Saharan Africa,Liberia,Snacks,Offline,M,7/13/2014,370116364,8/17/2014,4512
Asia,North Korea,Household,Online,M,7/14/2015,974337804,8/7/2015,7063
Europe,Romania,Household,Online,H,12/23/2014,436372077,1/3/2015,1050
Sub-Saharan Africa,Sao Tome and Principe,Cereal,Offline,M,4/27/2015,267066323,5/19/2015,9715
Middle East and North Africa,Bahrain,Fruits,Online,M,3/14/2017,688344371,4/28/2017,5251
Middle East and North Africa,Somalia,Cosmetics,Offline,M,10/2/2014,642442548,11/2/2014,1881
Europe,Cyprus,Cereal,Online,C,7/13/2014,941909682,8/1/2014,861
Europe,United Kingdom,Beverages,Offline,C,7/31/2016,219607102,8/13/2016,5477
Europe,Germany,Personal Care,Offline,H,8/30/2010,778708636,9/2/2010,6045
Middle East and North Africa,Somalia,Beverages,Online,M,4/22/2010,942700612,6/6/2010,4915
Australia and Oceania,New Zealand,Household,Offline,H,3/9/2011,905381858,4/8/2011,1466
Middle East and North Africa,Kuwait,Meat,Online,C,1/13/2010,480863702,1/28/2010,7110
Asia,Japan,Cosmetics,Online,L,1/6/2016,453569972,2/19/2016,289
Europe,Norway,Baby Food,Offline,H,8/17/2016,328236997,9/10/2016,1476
Sub-Saharan Africa,Lesotho,Personal Care,Offline,C,10/22/2011,579913604,10/23/2011,8177
Europe,Belgium,Cosmetics,Online,H,2/12/2010,403961122,3/20/2010,9928
Central America and the Caribbean,Honduras,Cosmetics,Offline,L,5/29/2017,866053378,6/22/2017,3295
Europe,Austria,Household,Offline,C,4/17/2010,852176702,5/13/2010,6878
Middle East and North Africa,Oman,Baby Food,Online,M,9/8/2015,218629920,10/20/2015,6307
Middle East and North Africa,Oman,Baby Food,Offline,C,2/13/2016,242024362,3/17/2016,9242
Europe,Spain,Snacks,Offline,M,2/16/2014,469283854,2/16/2014,376
Middle East and North Africa,Afghanistan,Fruits,Online,C,4/22/2013,967644727,4/30/2013,6433
Central America and the Caribbean,Saint Vincent and the Grenadines,Cosmetics,Offline,L,7/15/2014,974655807,7/23/2014,1167
Europe,Iceland,Vegetables,Online,M,3/7/2012,248178422,3/22/2012,365
Asia,Myanmar,Vegetables,Offline,L,1/14/2013,416386401,2/16/2013,6844
Europe,Netherlands,Snacks,Offline,L,5/22/2017,927766072,6/20/2017,5453
Middle East and North Africa,Bahrain,Fruits,Offline,H,9/28/2012,675548303,11/6/2012,8610
Sub-Saharan Africa,Lesotho,Baby Food,Online,L,6/6/2013,960486018,7/4/2013,8012
Central America and the Caribbean,Cuba,Clothes,Offline,L,4/2/2014,985665738,5/19/2014,9250
Middle East and North Africa,Afghanistan,Clothes,Offline,C,1/13/2017,551136291,1/13/2017,2331
Australia and Oceania,Vanuatu,Cereal,Online,L,2/3/2017,877259004,2/16/2017,9289
Asia,Bhutan,Beverages,Offline,M,8/5/2014,554707705,9/19/2014,9192
Australia and Oceania,Palau,Cereal,Offline,L,10/6/2010,494468724,10/23/2010,3139
Asia,Indonesia,Personal Care,Online,H,9/10/2011,777840888,10/23/2011,9259
Europe,Andorra,Baby Food,Offline,C,12/12/2016,206435525,1/27/2017,7714
Middle East and North Africa,Algeria,Office Supplies,Online,C,10/26/2015,352176463,12/5/2015,5696
Australia and Oceania,Vanuatu,Cosmetics,Offline,C,10/14/2013,607300031,10/14/2013,2429
North America,Mexico,Baby Food,Online,H,8/17/2013,434355056,9/28/2013,4168
Europe,Macedonia,Fruits,Offline,M,8/7/2011,716202867,9/20/2011,9199
Central America and the Caribbean,Panama,Personal Care,Online,H,5/22/2016,606017291,6/12/2016,2838
Asia,Nepal,Cereal,Offline,H,1/13/2015,677284657,1/15/2015,2436
Asia,Nepal,Fruits,Online,C,7/22/2014,673803794,7/29/2014,2371
Sub-Saharan Africa,Mauritius ,Cereal,Offline,C,6/25/2015,859686028,7/10/2015,9055
Sub-Saharan Africa,Sao Tome and Principe,Clothes,Online,H,8/10/2015,669355189,9/26/2015,5930
Central America and the Caribbean,Saint Vincent and the Grenadines,Fruits,Offline,L,10/19/2013,957547605,11/21/2013,8470
Asia,Maldives,Personal Care,Online,M,10/9/2013,849312102,11/23/2013,9180
Sub-Saharan Africa,Swaziland,Personal Care,Offline,H,9/26/2012,890010011,10/14/2012,2595
Middle East and North Africa,Morocco,Cereal,Online,H,10/2/2012,795315158,10/26/2012,284
Asia,Maldives,Clothes,Offline,M,12/11/2016,801213872,1/28/2017,5844
Sub-Saharan Africa,Zimbabwe,Fruits,Offline,C,7/26/2010,314004981,8/9/2010,9907
Asia,India,Cereal,Online,C,3/27/2010,160299813,4/6/2010,5132
Asia,Tajikistan,Beverages,Offline,C,9/11/2014,337022197,9/22/2014,1212
Sub-Saharan Africa,Lesotho,Snacks,Offline,M,3/9/2016,461408460,3/15/2016,9872
Asia,Bhutan,Office Supplies,Offline,M,10/19/2011,221007430,11/10/2011,9865
Central America and the Caribbean,Trinidad and Tobago,Snacks,Offline,L,10/31/2014,723680436,12/20/2014,1978
Australia and Oceania,Tuvalu,Fruits,Offline,L,2/23/2013,447601306,3/11/2013,4028
Middle East and North Africa,Iraq,Clothes,Offline,L,10/25/2010,191256368,11/9/2010,5864
Sub-Saharan Africa,The Gambia,Vegetables,Offline,L,10/4/2016,823444449,10/30/2016,4366
Middle East and North Africa,Bahrain,Beverages,Online,C,9/4/2010,133276879,10/17/2010,8445
Sub-Saharan Africa,Angola,Household,Offline,H,4/8/2015,243882596,5/11/2015,9135
Central America and the Caribbean,Costa Rica,Cosmetics,Online,L,3/2/2017,574441039,4/6/2017,8724
Middle East and North Africa,Qatar,Clothes,Offline,C,11/22/2011,687875735,12/2/2011,6571
Central America and the Caribbean,Saint Kitts and Nevis ,Clothes,Offline,H,9/8/2013,872412145,9/25/2013,4995
Sub-Saharan Africa,Sierra Leone,Fruits,Offline,C,4/23/2012,627122199,4/29/2012,8250
Europe,Russia,Fruits,Online,M,2/14/2011,103617227,3/12/2011,1495
Europe,Lithuania,Vegetables,Offline,M,10/6/2010,423821055,10/22/2010,6923
Europe,United Kingdom,Vegetables,Online,L,12/8/2012,529970014,1/3/2013,8759
Asia,Indonesia,Personal Care,Offline,H,8/17/2016,334612929,10/3/2016,8256
Asia,Mongolia,Beverages,Offline,M,4/23/2014,270611131,5/24/2014,8702
Middle East and North Africa,Egypt,Office Supplies,Online,C,11/18/2010,841138446,12/8/2010,413
Sub-Saharan Africa,Comoros,Household,Online,M,4/22/2012,369681203,5/9/2012,5738
Europe,Slovenia,Household,Offline,M,4/5/2014,850038230,4/21/2014,4057
Middle East and North Africa,Lebanon,Beverages,Online,M,6/21/2013,296320855,7/13/2013,6781
Australia and Oceania,Australia,Cosmetics,Offline,L,7/13/2011,392952907,8/13/2011,2352
Central America and the Caribbean,Haiti,Snacks,Online,M,2/1/2011,644670712,3/21/2011,1245
Central America and the Caribbean,Saint Kitts and Nevis ,Meat,Online,L,1/27/2012,626523101,2/16/2012,963
Middle East and North Africa,Syria,Vegetables,Offline,M,6/24/2015,433871400,7/1/2015,1044
Asia,Laos,Snacks,Offline,M,1/3/2012,232389438,1/8/2012,8054
Central America and the Caribbean,Saint Kitts and Nevis ,Cereal,Offline,H,2/21/2016,708063542,3/19/2016,592
Sub-Saharan Africa,Sudan,Vegetables,Offline,H,12/4/2016,817192542,12/22/2016,4288
Central America and the Caribbean,Guatemala,Meat,Offline,H,1/16/2012,936387765,2/29/2012,6803
Asia,Brunei,Clothes,Offline,H,8/6/2011,612573039,8/9/2011,2830
Middle East and North Africa,Jordan,Clothes,Online,M,8/12/2011,812984693,8/22/2011,9092
Central America and the Caribbean,Panama,Meat,Offline,C,12/18/2012,775171554,1/5/2013,9344
Sub-Saharan Africa,Central African Republic,Household,Online,H,1/10/2010,256994950,2/19/2010,9372
Middle East and North Africa,Bahrain,Beverages,Offline,M,2/28/2017,886628711,3/31/2017,1993
Sub-Saharan Africa,Burundi,Beverages,Online,C,12/8/2011,312559163,12/16/2011,2057
Europe,Austria,Cereal,Online,L,8/18/2014,753585135,9/13/2014,1443
Australia and Oceania,Fiji,Beverages,Offline,H,4/19/2016,448817956,4/22/2016,4062
Australia and Oceania,Fiji,Clothes,Offline,M,11/6/2012,407681453,12/24/2012,856
Europe,Switzerland,Snacks,Online,H,5/27/2016,359911954,6/23/2016,4800
Middle East and North Africa,Yemen,Office Supplies,Offline,M,8/18/2013,105558288,8/19/2013,5898
Sub-Saharan Africa,Comoros,Personal Care,Offline,H,12/31/2014,864981782,2/11/2015,6186
Sub-Saharan Africa,Democratic Republic of the Congo,Office Supplies,Online,C,2/4/2013,328856265,2/12/2013,4732
Asia,Mongolia,Clothes,Offline,H,9/23/2016,308168065,10/18/2016,2633
Australia and Oceania,Palau,Household,Offline,L,11/1/2016,884216010,11/2/2016,8021
Europe,Monaco,Snacks,Offline,M,12/27/2012,858611428,1/9/2013,1057
Australia and Oceania,Fiji,Cereal,Online,L,3/10/2017,903278148,4/3/2017,8932
Sub-Saharan Africa,Liberia,Cereal,Offline,H,12/17/2015,642683303,1/20/2016,3126
Australia and Oceania,Samoa ,Baby Food,Online,L,11/5/2016,584072101,11/5/2016,8769
Asia,Nepal,Meat,Offline,C,4/9/2017,919890248,5/18/2017,4821
Middle East and North Africa,Azerbaijan,Snacks,Offline,C,4/18/2010,534085166,4/25/2010,6524
Europe,Georgia,Baby Food,Offline,H,8/1/2011,590768182,9/7/2011,288
Middle East and North Africa,United Arab Emirates,Vegetables,Online,C,5/12/2011,524363124,6/28/2011,9556
Europe,Finland,Household,Offline,L,1/25/2016,289606320,2/14/2016,9801
Europe,Portugal,Cereal,Offline,C,4/10/2014,811546599,5/8/2014,3528
